0.311761;0.389335;0.884024;0.185396;0.178851;0.425126;0.101517;0.542058;0.450235;0.477139;0.231077;0.122004;0.208996;0.168875;0.654109;0.89018;0.760542;0.28682;0.651115;0.100934;0.096989;0.263313;0.273945;0.860754;0.918572;0.895755;0.007579;0.83022;0.063735;0.311618;0.918516;0.868399;0.934419;0.288211;0.171606;0.550017;0.958569;0.698532;0.916186;0.874161;0.037456;0.104793;0.486319;0.191874;0.261997;0.627816;0.130516;0.523088;0.085608;0.060147;0.441756;0.75837;0.579903;0.639506;0.913748;0.056568;0.002617;0.845453;0.357305;0.093871;0.951536;0.733853;0.083743;0.845522;0.534443;0.606225;0.427168;0.744417;0.05324;0.430476;0.833956;0.14667;0.067604;0.277799;0.642369;0.395638;0.230235;0.874996;0.896214;0.417808;0.534973;0.933285;0.490322;0.400597;0.849587;0.584937;0.892931;0.017096;0.871276;0.804791;0.351243;0.513617;0.490604;0.909313;0.79312;0.590434;0.179374;0.721917;0.125907;0.016674
0.362493;0.055161;0.288318;0.251258;0.67903;0.19625;0.221083;0.052321;0.940992;0.584477;0.283423;0.614865;0.002577;0.019152;0.489524;0.804443;0.940536;0.416075;0.71393;0.902876;0.071309;0.08015;0.617403;0.881912;0.198505;0.282281;0.42625;0.138869;0.019474;0.449814;0.888251;0.943475;0.689451;0.965358;0.871719;0.815336;0.531921;0.172801;0.480546;0.45481;0.613279;0.66907;0.953138;0.257807;0.512794;0.400506;0.22132;0.265404;0.03313;0.586851;0.004714;0.471228;0.67219;0.670466;0.990832;0.905657;0.196481;0.937008;0.132567;0.384793;0.468733;0.120425;0.233906;0.654273;0.109805;0.916254;0.798941;0.830801;0.918624;0.631116;0.172619;0.561701;0.370426;0.182332;0.334668;0.323393;0.538445;0.790436;0.107091;0.564171;0.358011;0.562941;0.382735;0.087922;0.425229;0.72071;0.83602;0.191969;0.543222;0.247189;0.093356;0.544936;0.952468;0.580613;0.266406;0.65264;0.041612;0.110933;0.99932;0.732902
0.064074;0.032609;0.585469;0.846887;0.591824;0.48977;0.536037;0.276665;0.461911;0.515631;0.602304;0.36976;0.285069;0.02922;0.525236;0.380319;0.526914;0.727896;0.585882;0.221302;0.837844;0.426588;0.78661;0.235771;0.675789;0.356948;0.799144;0.573017;0.640942;0.497952;0.05044;0.146266;0.878729;0.692149;0.59542;0.740919;0.060305;0.277493;0.848169;0.494345;0.844282;0.020216;0.06784;0.60624;0.141711;0.169433;0.630213;0.889379;0.087739;0.40014;0.693907;0.581721;0.853382;0.602561;0.474819;0.181569;0.08374;0.030575;0.707091;0.231246;0.832341;0.276936;0.228479;0.191564;0.441284;0.874745;0.335836;0.990637;0.606818;0.044581;0.549162;0.432666;0.22282;0.652276;0.472822;0.464192;0.635052;0.125136;0.916114;0.661077;0.010486;0.428149;0.908597;0.769777;0.346461;0.007307;0.525609;0.778982;0.237727;0.63505;0.390224;0.667394;0.018685;0.599195;0.108824;0.874871;0.738512;0.222785;0.06151;0.174701
0.296794;0.452619;0.113911;0.868781;0.127786;0.97326;0.665295;0.359395;0.68291;0.791179;0.970757;0.001381;0.067064;0.359272;0.63652;0.256208;0.40199;0.914955;0.727805;0.172063;0.532665;0.037713;0.402063;0.958223;0.772709;0.343053;0.906869;0.878006;0.632063;0.576625;0.390309;0.220578;0.319001;0.979722;0.408726;0.813262;0.872382;0.152923;0.832936;0.60001;0.50458;0.739971;0.570269;0.573111;0.089385;0.890514;0.398689;0.073658;0.541849;0.286334;0.041482;0.934524;0.923002;0.243318;0.20615;0.424802;0.127582;0.760191;0.664792;0.810354;0.673937;0.595725;0.522694;0.10446;0.368713;0.316495;0.651172;0.245182;0.559592;0.75956;0.534419;0.540063;0.640135;0.639894;0.104834;0.799845;0.153826;0.779817;0.219353;0.903974;0.07519;0.349403;0.445053;0.159002;0.999985;0.274234;0.321097;0.503149;0.386647;0.77885;0.654878;0.949339;0.688031;0.193756;0.183307;0.744862;0.001336;0.729475;0.135041;0.90646
0.785182;0.23337;0.951687;0.383976;0.285591;0.518626;0.566856;0.223166;0.960903;0.945177;0.518989;0.187129;0.400689;0.644139;0.126804;0.930622;0.232218;0.422521;0.783959;0.685388;0.208062;0.219663;0.32577;0.117205;0.832268;0.638974;0.329646;0.955547;0.354128;0.126241;0.862492;0.367726;0.161807;0.598359;0.131332;0.374397;0.592526;0.253438;0.734924;0.05932;0.669533;0.378185;0.14726;0.758571;0.607733;0.228554;0.181579;0.359269;0.209896;0.007918;0.167147;0.679798;0.475853;0.277865;0.509773;0.73541;0.122257;0.327429;0.131302;0.890174;0.883866;0.589486;0.757164;0.425759;0.133861;0.96058;0.531026;0.94956;0.140293;0.828598;0.713998;0.87514;0.766526;0.769158;0.313728;0.137237;0.817991;0.568468;0.968382;0.281331;0.407587;0.268913;0.873078;0.452651;0.559121;0.486099;0.686793;0.818123;0.744162;0.966637;0.680953;0.767076;0.221521;0.479057;0.206413;0.587873;0.168698;0.539567;0.149192;0.286426
0.317793;0.498128;0.260689;0.781691;0.172627;0.095391;0.142925;0.098885;0.562495;0.543245;0.641257;0.35307;0.933593;0.777477;0.493458;0.094744;0.567717;0.766539;0.285239;0.178678;0.385037;0.159285;0.001684;0.401203;0.107273;0.008835;0.387395;0.923671;0.541291;0.360394;0.522526;0.571193;0.022551;0.116615;0.318721;0.457326;0.287744;0.325088;0.21359;0.258714;0.731322;0.896606;0.03945;0.065426;0.974679;0.263603;0.141143;0.391478;0.588274;0.69709;0.367148;0.685812;0.756348;0.518569;0.065521;0.943589;0.291722;0.444297;0.267879;0.076618;0.890429;0.205594;0.204186;0.327815;0.77834;0.70503;0.111478;0.586905;0.112442;0.229247;0.34359;0.979552;0.089769;0.154424;0.555921;0.004706;0.24802;0.798299;0.367653;0.317588;0.373855;0.502064;0.766762;0.974206;0.357934;0.820897;0.160191;0.289721;0.527155;0.416298;0.647491;0.203204;0.766111;0.794702;0.084126;0.497807;0.297379;0.061667;0.196641;0.689835
0.092808;0.170902;0.551745;0.83143;0.033149;0.738263;0.93306;0.260806;0.581569;0.36243;0.702579;0.145016;0.489075;0.229924;0.539681;0.181111;0.625561;0.921648;0.036245;0.672473;0.192434;0.212457;0.882249;0.74503;0.467629;0.730071;0.036041;0.54975;0.837142;0.545337;0.22711;0.553428;0.284554;0.98763;0.687438;0.26346;0.481921;0.407902;0.040145;0.12124;0.333168;0.403515;0.693765;0.035564;0.649282;0.077778;0.281978;0.521765;0.431445;0.051122;0.276727;0.876225;0.082941;0.913647;0.570095;0.476592;0.893532;0.162846;0.559387;0.500975;0.199343;0.563693;0.176191;0.581497;0.161274;0.969286;0.258491;0.654574;0.19507;0.033201;0.633021;0.558815;0.822642;0.584768;0.577849;0.050564;0.491548;0.59291;0.768106;0.174449;0.720977;0.090206;0.298921;0.44861;0.206221;0.43971;0.709632;0.969615;0.535989;0.699542;0.322134;0.782718;0.873496;0.761065;0.830064;0.554956;0.532604;0.095213;0.438835;0.077394
0.452479;0.51657;0.25577;0.497708;0.653438;0.809701;0.19492;0.753534;0.406185;0.655699;0.201461;0.815517;0.753627;0.299973;0.64125;0.533866;0.607848;0.491613;0.018298;0.168336;0.001889;0.714019;0.928798;0.151276;0.514281;0.218269;0.607786;0.477245;0.023737;0.730315;0.710787;0.777985;0.383357;0.174997;0.628371;0.463091;0.60285;0.631225;0.286172;0.868182;0.749994;0.393417;0.493965;0.666936;0.943938;0.167394;0.012672;0.391037;0.168594;0.088404;0.320813;0.282983;0.726626;0.456908;0.757637;0.703069;0.906544;0.500609;0.076096;0.826515;0.7516;0.37026;0.997718;0.510661;0.537706;0.245816;0.554963;0.183033;0.989982;0.647269;0.78;0.603025;0.419518;0.789243;0.499309;0.582434;0.814587;0.39038;0.618199;0.393896;0.731159;0.729088;0.565422;0.36299;0.000371;0.480262;0.257256;0.006203;0.100463;0.967134;0.390894;0.32546;0.385073;0.851413;0.868688;0.638044;0.462513;0.637876;0.394473;0.569755
0.823496;0.917072;0.394279;0.027202;0.394813;0.033249;0.955564;0.228233;0.152859;0.933775;0.607945;0.327144;0.256949;0.55549;0.121581;0.936844;0.482964;0.846553;0.976898;0.568547;0.155257;0.105034;0.62023;0.468381;0.778973;0.013597;0.242879;0.167384;0.87892;0.071756;0.964181;0.3968;0.245783;0.723543;0.761904;0.988843;0.597195;0.01501;0.899027;0.377277;0.856343;0.298514;0.87933;0.341026;0.806243;0.400246;0.01085;0.323295;0.026522;0.062959;0.796353;0.600757;0.415956;0.836762;0.294223;0.989237;0.437436;0.782858;0.28819;0.622419;0.992932;0.716628;0.581461;0.37135;0.877366;0.079519;0.714608;0.942489;0.929215;0.751861;0.775921;0.887231;0.87144;0.750654;0.761828;0.125621;0.200154;0.913327;0.749578;0.135861;0.497515;0.904135;0.349035;0.886609;0.32483;0.425498;0.693349;0.420342;0.285276;0.555866;0.599012;0.984165;0.234453;0.877215;0.93671;0.109151;0.633853;0.466607;0.28711;0.112925
0.893779;0.864146;0.351581;0.970201;0.692264;0.688978;0.56584;0.713122;0.384236;0.762462;0.879669;0.234135;0.53622;0.880656;0.638493;0.664887;0.559506;0.605813;0.258692;0.646965;0.457495;0.597362;0.514059;0.257379;0.955031;0.646612;0.026863;0.309632;0.351235;0.277668;0.411549;0.257307;0.494353;0.202331;0.920376;0.125106;0.197211;0.84315;0.941907;0.79532;0.682949;0.879375;0.743647;0.289123;0.407619;0.611903;0.373944;0.894417;0.867342;0.722651;0.297974;0.117451;0.235494;0.950974;0.909341;0.626895;0.28653;0.519662;0.302197;0.915512;0.485221;0.803567;0.95782;0.612148;0.393345;0.167616;0.358866;0.806899;0.314219;0.900549;0.097856;0.509474;0.956971;0.673835;0.794583;0.867497;0.939952;0.964043;0.764298;0.358603;0.766759;0.057131;0.17665;0.974897;0.191301;0.467349;0.755178;0.307908;0.9571;0.698834;0.258002;0.950543;0.422276;0.349231;0.01134;0.037321;0.865035;0.071384;0.829735;0.234044
0.554896;0.452716;0.707664;0.988781;0.879169;0.622576;0.522862;0.830321;0.468626;0.764508;0.646673;0.790525;0.296207;0.262114;0.454784;0.925616;0.411704;0.271777;0.580197;0.120455;0.963364;0.733521;0.537052;0.173671;0.005667;0.193096;0.360311;0.3293;0.577283;0.458728;0.614082;0.605662;0.339341;0.262033;0.365504;0.141856;0.666516;0.884522;0.975765;0.845599;0.670305;0.959295;0.298358;0.938524;0.156889;0.450042;0.949873;0.893565;0.540301;0.593056;0.451201;0.671387;0.366656;0.350232;0.773076;0.217049;0.582812;0.356301;0.256083;0.235587;0.048075;0.253991;0.353828;0.916453;0.709588;0.596213;0.181258;0.828325;0.594169;0.214696;0.49535;0.786356;0.997511;0.251731;0.320201;0.326341;0.998897;0.122358;0.977533;0.015467;0.445079;0.600987;0.365461;0.357488;0.585554;0.444726;0.71398;0.95899;0.27029;0.575865;0.736157;0.957115;0.790394;0.589645;0.198779;0.664632;0.267638;0.712774;0.903742;0.667657
0.98456;0.386767;0.487932;0.053643;0.369382;0.733858;0.114049;0.662968;0.997345;0.016816;0.741012;0.279434;0.825981;0.396686;0.472233;0.255976;0.057139;0.947169;0.773927;0.793404;0.706379;0.44695;0.122598;0.71982;0.279161;0.497173;0.192664;0.733849;0.026343;0.984698;0.14748;0.321644;0.739377;0.358138;0.924462;0.116908;0.395723;0.709667;0.487997;0.737133;0.487957;0.514456;0.513781;0.331283;0.441455;0.799762;0.322216;0.711427;0.868091;0.196565;0.969309;0.241805;0.739076;0.991397;0.325453;0.389059;0.751574;0.889954;0.835263;0.282005;0.518082;0.430511;0.949977;0.037072;0.350958;0.527167;0.521896;0.365517;0.52366;0.507394;0.439984;0.456458;0.952266;0.069297;0.210433;0.488205;0.511344;0.130908;0.227876;0.892744;0.573721;0.5812;0.637214;0.230416;0.536505;0.505552;0.527839;0.130263;0.162363;0.678677;0.290896;0.469415;0.495015;0.610989;0.824685;0.744833;0.291148;0.643774;0.671746;0.325765
0.766591;0.677456;0.117724;0.170229;0.652986;0.088775;0.603783;0.796084;0.173282;0.656435;0.05726;0.747326;0.192304;0.441522;0.268485;0.009939;0.222896;0.733322;0.633785;0.082147;0.071339;0.137317;0.438623;0.580667;0.081343;0.712365;0.361067;0.632936;0.84593;0.328114;0.502376;0.577858;0.590368;0.998559;0.326917;0.583751;0.743638;0.815063;0.429307;0.27794;0.603798;0.525104;0.653178;0.671673;0.075981;0.355696;0.089726;0.721604;0.837448;0.467277;0.370276;0.455525;0.355469;0.071417;0.281791;0.360342;0.26503;0.906724;0.731109;0.452535;0.55803;0.038062;0.941886;0.840804;0.431703;0.813142;0.723892;0.724195;0.338269;0.062707;0.765729;0.784358;0.452397;0.743705;0.704228;0.391743;0.319295;0.23253;0.004794;0.767483;0.427703;0.42041;0.275613;0.922819;0.529378;0.919946;0.230385;0.631518;0.95981;0.752281;0.385571;0.877083;0.379448;0.751478;0.234259;0.57111;0.430618;0.883246;0.525483;0.449594
0.165801;0.517962;0.994981;0.367755;0.087349;0.35226;0.5795;0.66285;0.132435;0.798728;0.645561;0.658384;0.48456;0.600772;0.437378;0.561516;0.635451;0.80344;0.971257;0.841542;0.107909;0.987873;0.54229;0.616162;0.540214;0.86799;0.234081;0.877409;0.336538;0.247619;0.39639;0.591653;0.596923;0.320483;0.953936;0.069091;0.499281;0.06939;0.988831;0.323132;0.220701;0.214769;0.264997;0.712582;0.837093;0.709553;0.770581;0.659221;0.599229;0.101293;0.695714;0.847403;0.794784;0.238118;0.923918;0.892309;0.482792;0.410582;0.53157;0.629242;0.905903;0.328628;0.059407;0.262397;0.268882;0.941154;0.9139;0.533793;0.024445;0.261873;0.775032;0.113984;0.031241;0.893507;0.16087;0.405572;0.53041;0.344456;0.656178;0.841878;0.121516;0.383861;0.132289;0.747771;0.303937;0.71018;0.716563;0.957719;0.566687;0.279452;0.448546;0.974925;0.57685;0.971508;0.570184;0.889659;0.307159;0.477713;0.021857;0.648685
0.289992;0.74889;0.047046;0.208718;0.073545;0.490662;0.568591;0.440368;0.666517;0.655323;0.55338;0.588348;0.348738;0.974477;0.541083;0.898736;0.996021;0.267421;0.117723;0.006362;0.994729;0.705598;0.458414;0.84111;0.13532;0.884963;0.78224;0.649489;0.091788;0.879759;0.402727;0.251889;0.803129;0.747066;0.996787;0.313926;0.361739;0.56482;0.019667;0.846214;0.983726;0.714962;0.024632;0.423218;0.621255;0.236063;0.481082;0.097433;0.119545;0.006225;0.140346;0.441887;0.681832;0.038975;0.607548;0.17956;0.165172;0.102797;0.592713;0.347855;0.537971;0.524708;0.537829;0.067056;0.887771;0.396333;0.529239;0.645063;0.969059;0.736162;0.44147;0.309964;0.066377;0.500923;0.317925;0.51138;0.728401;0.650246;0.202208;0.067146;0.220446;0.151083;0.940424;0.809883;0.322216;0.74513;0.941951;0.362259;0.065185;0.570793;0.019714;0.562019;0.318475;0.497921;0.111336;0.387199;0.076576;0.073336;0.480567;0.015062
0.215892;0.251034;0.216932;0.091337;0.662522;0.600474;0.290918;0.58812;0.737294;0.244103;0.714244;0.294335;0.266625;0.191411;0.262607;0.494811;0.398826;0.553915;0.413853;0.424344;0.259868;0.760567;0.16679;0.092674;0.132804;0.482109;0.383127;0.14358;0.64527;0.056267;0.516134;0.054138;0.55895;0.95278;0.995065;0.522443;0.550413;0.663649;0.840626;0.300476;0.99872;0.419481;0.074554;0.755603;0.906593;0.143164;0.15082;0.341432;0.122103;0.700527;0.213451;0.899353;0.054299;0.231095;0.001399;0.418325;0.958774;0.53368;0.130675;0.937328;0.234062;0.617244;0.132506;0.522565;0.215882;0.97031;0.814356;0.035457;0.393798;0.039499;0.42102;0.802737;0.143154;0.825606;0.912794;0.91769;0.516251;0.375157;0.126635;0.899617;0.861513;0.475105;0.371169;0.776797;0.084768;0.338312;0.02452;0.175841;0.648827;0.902298;0.351829;0.097312;0.175822;0.559605;0.913559;0.624554;0.420539;0.739903;0.8619;0.330826
0.997883;0.055078;0.159918;0.917713;0.370397;0.964862;0.091864;0.294429;0.99462;0.78622;0.612688;0.387525;0.105174;0.969873;0.569147;0.87397;0.941905;0.047816;0.611849;0.629246;0.141543;0.706354;0.411204;0.552895;0.713049;0.624422;0.355746;0.270416;0.652098;0.667555;0.942818;0.208535;0.79552;0.88049;0.851323;0.266004;0.691161;0.329884;0.34013;0.324136;0.963972;0.215121;0.624201;0.111393;0.892186;0.32331;0.026211;0.084597;0.430359;0.199981;0.140765;0.564426;0.74275;0.694358;0.799154;0.593497;0.034859;0.191957;0.592153;0.19002;0.966719;0.080208;0.961246;0.495352;0.363274;0.193194;0.1697;0.84326;0.150774;0.567941;0.044705;0.516029;0.878584;0.669041;0.137241;0.095898;0.893256;0.959086;0.841753;0.685066;0.64806;0.46854;0.715607;0.074055;0.262565;0.780716;0.581707;0.797119;0.84879;0.872684;0.014385;0.032863;0.061245;0.715099;0.01556;0.064709;0.254137;0.480767;0.592623;0.008306
0.48446;0.461509;0.963109;0.526608;0.507399;0.124223;0.15723;0.515811;0.944068;0.281033;0.163666;0.311741;0.694554;0.074722;0.203166;0.062502;0.262706;0.491612;0.269191;0.476315;0.797021;0.627984;0.974194;0.925935;0.455776;0.622313;0.874344;0.858393;0.900544;0.93381;0.944351;0.853475;0.456958;0.056224;0.23663;0.327993;0.535614;0.399651;0.157598;0.859867;0.089344;0.202247;0.183138;0.686494;0.129169;0.406773;0.929761;0.44069;0.37227;0.623963;0.86842;0.321285;0.512856;0.105107;0.285245;0.459109;0.353817;0.209286;0.491397;0.089942;0.800422;0.855984;0.32244;0.890591;0.481934;0.203477;0.138722;0.8359;0.172866;0.134938;0.329244;0.318106;0.415019;0.904984;0.254683;0.093868;0.25494;0.175196;0.432525;0.257479;0.568676;0.168221;0.694067;0.704258;0.744942;0.746442;0.649932;0.307455;0.382152;0.81826;0.579774;0.200797;0.186398;0.829558;0.953203;0.661638;0.11476;0.783004;0.591999;0.994716
0.855621;0.167147;0.817603;0.590818;0.056046;0.729314;0.973964;0.029016;0.798914;0.187539;0.592656;0.654969;0.521059;0.58743;0.8001;0.797966;0.458842;0.341198;0.396347;0.663847;0.309819;0.299549;0.099202;0.805958;0.96987;0.485361;0.092882;0.151737;0.849682;0.799656;0.730548;0.624418;0.038364;0.096753;0.805029;0.702008;0.614128;0.90386;0.437136;0.678285;0.492023;0.526357;0.97605;0.530642;0.590041;0.395848;0.722549;0.946247;0.190354;0.768688;0.590984;0.210622;0.776502;0.307171;0.935814;0.559912;0.378383;0.287597;0.22989;0.881133;0.102715;0.282334;0.180212;0.530589;0.332904;0.548445;0.975662;0.9621;0.318516;0.779974;0.72064;0.931397;0.371553;0.77014;0.193697;0.239721;0.870122;0.957783;0.013403;0.20826;0.328226;0.109456;0.424646;0.949552;0.158783;0.647023;0.559398;0.302955;0.913484;0.066046;0.298592;0.492904;0.875222;0.800668;0.961383;0.334401;0.625053;0.563696;0.209445;0.256195
0.029671;0.763818;0.016894;0.895872;0.143206;0.907281;0.440366;0.58844;0.535722;0.553746;0.066682;0.246173;0.806637;0.008426;0.328943;0.191189;0.249338;0.718709;0.97172;0.558655;0.718289;0.195581;0.416197;0.995158;0.934876;0.291046;0.10106;0.902846;0.109897;0.543876;0.35785;0.5636;0.533456;0.007483;0.267727;0.700464;0.214077;0.119311;0.411844;0.438623;0.613245;0.882862;0.856652;0.861569;0.983203;0.077632;0.052938;0.261568;0.876222;0.166737;0.479092;0.147508;0.2942;0.025537;0.941241;0.124829;0.072226;0.746307;0.668356;0.962158;0.094454;0.912206;0.987232;0.319381;0.786622;0.549094;0.58057;0.968453;0.714421;0.68884;0.117469;0.631215;0.542433;0.885363;0.537794;0.638416;0.257808;0.130022;0.535481;0.48647;0.728861;0.417297;0.203379;0.781818;0.302223;0.044334;0.09345;0.810883;0.883418;0.026093;0.929149;0.962367;0.864905;0.280815;0.732812;0.87766;0.262194;0.674656;0.398548;0.471683
0.754169;0.433072;0.777324;0.75416;0.068526;0.739126;0.995217;0.7101;0.665423;0.661733;0.712588;0.124508;0.999344;0.105389;0.013204;0.196488;0.769933;0.845318;0.227622;0.754922;0.4767;0.564237;0.588033;0.167638;0.912608;0.036786;0.924265;0.849606;0.160262;0.419693;0.99159;0.623448;0.262558;0.007961;0.88264;0.683742;0.26138;0.833513;0.373925;0.320704;0.26711;0.537648;0.948208;0.502674;0.164435;0.192488;0.603829;0.050731;0.923662;0.111451;0.428126;0.657553;0.584221;0.800253;0.835069;0.472375;0.04698;0.988252;0.759411;0.967254;0.125806;0.295692;0.085524;0.869734;0.373318;0.836228;0.258499;0.037605;0.184196;0.106736;0.494675;0.954704;0.248557;0.828249;0.15425;0.682284;0.237078;0.78126;0.808991;0.427926;0.055957;0.580787;0.372154;0.793888;0.761447;0.864098;0.507184;0.291463;0.460727;0.614949;0.243839;0.254998;0.132848;0.573945;0.922561;0.833126;0.58945;0.11447;0.653066;0.745295
0.233893;0.897595;0.354528;0.499788;0.366803;0.583657;0.624615;0.559637;0.614427;0.121079;0.71745;0.898652;0.39506;0.208253;0.859955;0.0777;0.148472;0.983255;0.687877;0.869986;0.160057;0.956069;0.83833;0.050807;0.723751;0.353184;0.734228;0.050986;0.126837;0.769582;0.675754;0.128446;0.463698;0.731506;0.627197;0.953134;0.625158;0.008743;0.233572;0.26764;0.296429;0.87581;0.432664;0.800065;0.874628;0.127005;0.622709;0.459076;0.85783;0.596951;0.307555;0.799277;0.083117;0.186146;0.409454;0.13718;0.364602;0.634998;0.829037;0.62695;0.767386;0.716891;0.84242;0.735403;0.053252;0.048774;0.585378;0.631202;0.609695;0.955456;0.710141;0.630984;0.662043;0.396096;0.58174;0.712976;0.945512;0.689266;0.001282;0.760066;0.7823;0.24256;0.024112;0.884514;0.038625;0.876042;0.099435;0.724106;0.385419;0.153147;0.001446;0.025701;0.429463;0.74778;0.418037;0.914687;0.673895;0.329673;0.764948;0.488472
0.745443;0.322171;0.740337;0.451576;0.52021;0.789159;0.174975;0.289499;0.205881;0.548432;0.179136;0.702667;0.616405;0.34536;0.08038;0.126864;0.356274;0.403283;0.162005;0.655101;0.727449;0.512605;0.572104;0.479389;0.373058;0.54986;0.819913;0.822636;0.255333;0.345105;0.278143;0.949119;0.153091;0.445546;0.49372;0.128795;0.562064;0.203108;0.298378;0.1278;0.709737;0.861102;0.623233;0.317547;0.991054;0.290397;0.553558;0.064781;0.741408;0.661915;0.312384;0.010755;0.706911;0.368301;0.322364;0.337981;0.546059;0.442715;0.055864;0.359612;0.869925;0.554018;0.556978;0.144609;0.276805;0.59508;0.917723;0.488577;0.040856;0.328474;0.907053;0.008233;0.459897;0.900045;0.866214;0.067444;0.228393;0.420727;0.407397;0.774786;0.120062;0.182521;0.271086;0.538011;0.932688;0.431439;0.367674;0.746454;0.747092;0.224563;0.129908;0.520909;0.694438;0.494228;0.411294;0.98607;0.128705;0.52139;0.520462;0.045672
0.008377;0.060246;0.533307;0.378538;0.494022;0.613262;0.961503;0.024487;0.711743;0.100358;0.551481;0.370848;0.679234;0.799953;0.163707;0.26961;0.591502;0.797855;0.446732;0.351823;0.909073;0.912828;0.373188;0.929744;0.037499;0.658477;0.208064;0.148941;0.384899;0.838006;0.898114;0.929067;0.91849;0.389044;0.405433;0.112395;0.881794;0.913439;0.165007;0.037184;0.723462;0.330335;0.88826;0.977496;0.730649;0.979493;0.397127;0.263344;0.833509;0.656017;0.098499;0.634206;0.034435;0.225209;0.97475;0.530111;0.02244;0.557808;0.275329;0.888866;0.770525;0.882707;0.94323;0.899784;0.475208;0.577784;0.250964;0.338257;0.944823;0.954805;0.609739;0.99329;0.630392;0.920982;0.980458;0.000923;0.197213;0.787096;0.689665;0.323279;0.221104;0.622238;0.27168;0.024824;0.493316;0.307083;0.604253;0.823753;0.080604;0.116501;0.008126;0.714079;0.72407;0.568547;0.69432;0.630576;0.37331;0.261428;0.248226;0.931732
0.39419;0.684928;0.602383;0.051651;0.537205;0.767495;0.727546;0.266702;0.661674;0.270873;0.097322;0.229245;0.428274;0.155989;0.181322;0.223759;0.96839;0.211057;0.519729;0.562014;0.89318;0.192738;0.852831;0.062165;0.587372;0.62463;0.731353;0.453099;0.525914;0.133395;0.845599;0.042174;0.224752;0.194976;0.317574;0.445828;0.093024;0.036519;0.042108;0.311648;0.685382;0.522972;0.616006;0.36024;0.941918;0.997;0.691289;0.253057;0.048465;0.501581;0.126784;0.674029;0.023292;0.180744;0.859914;0.361744;0.965053;0.273357;0.955607;0.610179;0.459147;0.020111;0.290335;0.242983;0.043757;0.202645;0.593362;0.675054;0.281748;0.858539;0.348455;0.216544;0.507993;0.019412;0.537513;0.817856;0.364077;0.17047;0.493031;0.014684;0.48534;0.251941;0.785052;0.080501;0.258479;0.363442;0.026594;0.243478;0.241854;0.14691;0.776255;0.963152;0.978938;0.008321;0.241082;0.375657;0.401092;0.159637;0.446742;0.397784
0.663256;0.49871;0.408886;0.353334;0.133416;0.28901;0.070011;0.016584;0.952684;0.886943;0.345279;0.2047;0.147465;0.62776;0.763839;0.267217;0.574345;0.80785;0.416997;0.935643;0.190437;0.81362;0.517206;0.255103;0.650653;0.239493;0.085424;0.901051;0.951977;0.237985;0.274738;0.061075;0.166875;0.958981;0.400687;0.795832;0.88111;0.267977;0.61206;0.902131;0.394162;0.541427;0.58322;0.552598;0.421966;0.269142;0.414612;0.357669;0.956465;0.171866;0.945114;0.785063;0.669538;0.396888;0.035593;0.873321;0.932767;0.713312;0.099519;0.115073;0.057354;0.075903;0.175543;0.868504;0.057919;0.685314;0.099054;0.257533;0.966305;0.755787;0.747251;0.191909;0.78546;0.525442;0.571237;0.361151;0.565252;0.176164;0.817843;0.085817;0.18962;0.929945;0.836683;0.016483;0.091603;0.172378;0.600633;0.102068;0.411418;0.559127;0.637886;0.298262;0.166653;0.546308;0.334365;0.064767;0.883494;0.251346;0.94402;0.643775
0.92278;0.204799;0.481427;0.966021;0.72466;0.289061;0.807723;0.505544;0.914373;0.150805;0.735914;0.747236;0.554666;0.045492;0.42475;0.085429;0.964154;0.908227;0.952628;0.714859;0.555821;0.580055;0.803088;0.293045;0.718548;0.920924;0.44782;0.920146;0.021813;0.075936;0.98693;0.141967;0.774066;0.131976;0.068048;0.115628;0.804628;0.64655;0.874904;0.249478;0.882152;0.814421;0.241317;0.520333;0.134932;0.12843;0.001766;0.271478;0.400074;0.208855;0.740056;0.51513;0.623371;0.69606;0.545702;0.017078;0.284783;0.737077;0.535108;0.71565;0.7256;0.830743;0.704331;0.451021;0.135777;0.080725;0.97425;0.720389;0.928342;0.145955;0.707147;0.055482;0.034126;0.637434;0.702216;0.704846;0.620432;0.84061;0.610666;0.053381;0.843913;0.451415;0.422982;0.312415;0.162831;0.717931;0.359651;0.221917;0.914712;0.417781;0.672857;0.54396;0.026569;0.026718;0.678462;0.521949;0.146963;0.929689;0.926102;0.37919
0.17062;0.019737;0.08478;0.555205;0.89077;0.557018;0.53048;0.688281;0.906729;0.795603;0.958972;0.425883;0.828345;0.324212;0.266593;0.922333;0.92387;0.148855;0.49215;0.82301;0.463559;0.330822;0.493426;0.340801;0.393903;0.698872;0.562389;0.480961;0.20615;0.160052;0.250877;0.148293;0.914506;0.843543;0.345454;0.746564;0.151426;0.654529;0.19782;0.381051;0.424726;0.324381;0.72654;0.382596;0.831331;0.770837;0.688848;0.70978;0.388768;0.456836;0.028399;0.418408;0.573673;0.078843;0.757908;0.764759;0.487817;0.986738;0.962985;0.555848;0.334281;0.37744;0.611456;0.467082;0.584186;0.315396;0.60411;0.301047;0.61782;0.960981;0.195926;0.004225;0.169561;0.365151;0.042795;0.285234;0.820243;0.966722;0.626449;0.921537;0.267818;0.063777;0.921531;0.604125;0.694761;0.399388;0.654996;0.183998;0.756354;0.871065;0.859623;0.683138;0.926069;0.264855;0.075906;0.01451;0.698718;0.002966;0.100882;0.660147
0.703749;0.634827;0.648857;0.834347;0.583125;0.324651;0.70208;0.506532;0.804379;0.844951;0.95384;0.900708;0.917352;0.49187;0.782949;0.852926;0.240237;0.00766;0.815806;0.864615;0.887115;0.094104;0.567723;0.754745;0.359168;0.544543;0.583557;0.405653;0.085269;0.088068;0.927505;0.738764;0.547414;0.580002;0.714054;0.957885;0.744942;0.38541;0.870627;0.333519;0.2145;0.024012;0.112083;0.389023;0.889294;0.693866;0.412132;0.642355;0.626941;0.433347;0.637337;0.964286;0.891616;0.473961;0.649139;0.63678;0.037684;0.666047;0.239873;0.959475;0.247149;0.686079;0.52833;0.376952;0.386077;0.456369;0.953483;0.105671;0.463196;0.030536;0.642233;0.275547;0.892485;0.373914;0.667643;0.050508;0.221253;0.298872;0.742634;0.585453;0.443387;0.452974;0.824029;0.360134;0.292502;0.325624;0.264401;0.814405;0.314611;0.75858;0.444219;0.182786;0.100312;0.708017;0.071787;0.53397;0.169942;0.07219;0.949259;0.228524
0.291413;0.942513;0.441181;0.727492;0.569963;0.550608;0.212994;0.685369;0.577846;0.056664;0.38655;0.069346;0.934208;0.255402;0.529963;0.095216;0.040429;0.470093;0.382142;0.679285;0.176707;0.835009;0.176283;0.484437;0.422655;0.584852;0.264997;0.669797;0.282491;0.8235;0.488479;0.497558;0.95369;0.791459;0.971065;0.392198;0.999022;0.689695;0.854863;0.721677;0.371893;0.094007;0.667646;0.400079;0.063932;0.321653;0.568639;0.849549;0.367718;0.045141;0.938688;0.83321;0.785537;0.733533;0.637429;0.115261;0.259742;0.887858;0.473353;0.335503;0.507711;0.85483;0.79352;0.425455;0.624246;0.292152;0.586767;0.979688;0.329826;0.731817;0.217622;0.751636;0.836119;0.069752;0.041362;0.793155;0.694842;0.461826;0.570958;0.548491;0.327656;0.203601;0.316376;0.894771;0.35665;0.775236;0.980367;0.150428;0.469575;0.28318;0.634957;0.662891;0.544702;0.106612;0.917442;0.381216;0.778304;0.260626;0.38964;0.992012
0.283109;0.493414;0.590537;0.505831;0.256995;0.405718;0.659611;0.999768;0.909587;0.91009;0.055525;0.511548;0.365429;0.984264;0.136773;0.61334;0.324826;0.742456;0.45329;0.352885;0.744342;0.901722;0.163863;0.426185;0.086434;0.276595;0.254206;0.963284;0.403413;0.553704;0.401355;0.115327;0.870282;0.977288;0.669821;0.611447;0.057936;0.308366;0.362303;0.081035;0.786846;0.607623;0.84561;0.550905;0.312221;0.182023;0.390097;0.699352;0.311128;0.732977;0.555435;0.075337;0.864915;0.944631;0.769969;0.837395;0.177888;0.640675;0.28173;0.418404;0.466941;0.342447;0.354173;0.642112;0.394737;0.474549;0.405259;0.107264;0.557169;0.205417;0.057315;0.926909;0.862925;0.197319;0.861966;0.850574;0.526194;0.12669;0.375085;0.1085;0.171244;0.582849;0.39703;0.354001;0.5812;0.95154;0.509083;0.157123;0.943012;0.127087;0.44374;0.239486;0.621041;0.155143;0.980635;0.286785;0.472952;0.387941;0.545611;0.496043
0.405672;0.869394;0.238038;0.921297;0.200797;0.8466;0.169327;0.064234;0.314866;0.732166;0.767651;0.915539;0.551188;0.786479;0.43866;0.927848;0.992254;0.886627;0.669053;0.144178;0.166494;0.761405;0.580263;0.547513;0.146537;0.993116;0.474615;0.60271;0.642473;0.785591;0.394923;0.140922;0.471138;0.756962;0.788165;0.462223;0.066762;0.897279;0.419477;0.974827;0.455515;0.509361;0.427238;0.489956;0.155337;0.791448;0.918916;0.556795;0.74333;0.567415;0.908403;0.403703;0.027583;0.121289;0.782555;0.052429;0.252589;0.434111;0.139034;0.266421;0.184273;0.322925;0.555466;0.043471;0.177394;0.49773;0.753769;0.223314;0.900087;0.976015;0.362053;0.602253;0.212991;0.11792;0.656882;0.344107;0.595943;0.800776;0.782736;0.695828;0.142719;0.20483;0.390907;0.77593;0.810443;0.431349;0.492409;0.368638;0.329711;0.648238;0.566851;0.65232;0.845262;0.656275;0.045216;0.088405;0.907802;0.872353;0.42414;0.355718
0.805195;0.342841;0.976372;0.305376;0.365327;0.422877;0.941285;0.492137;0.916467;0.191826;0.287921;0.429336;0.522106;0.812108;0.008209;0.128872;0.452187;0.972286;0.203904;0.498574;0.90192;0.392048;0.674666;0.753955;0.183061;0.753222;0.273192;0.352407;0.991338;0.031594;0.751225;0.23409;0.685322;0.954995;0.777822;0.992276;0.464097;0.306066;0.618379;0.133228;0.812803;0.850882;0.07155;0.304851;0.295631;0.859777;0.265249;0.927026;0.725821;0.807429;0.663421;0.156766;0.772297;0.211864;0.204608;0.124735;0.075667;0.900542;0.859472;0.934288;0.119686;0.65334;0.066886;0.231264;0.227778;0.888092;0.736073;0.173861;0.045288;0.836544;0.556582;0.1706;0.265145;0.659898;0.298457;0.377032;0.621697;0.413654;0.348406;0.58065;0.511579;0.603082;0.838154;0.153931;0.467996;0.197211;0.587468;0.882461;0.810395;0.827571;0.145598;0.794824;0.86504;0.147443;0.080967;0.933738;0.00472;0.366219;0.856958;0.459124
0.800563;0.489164;0.904997;0.330699;0.073282;0.060013;0.027564;0.270071;0.811946;0.026596;0.902093;0.658527;0.852906;0.847789;0.124836;0.472164;0.659035;0.797869;0.921071;0.861272;0.706781;0.005864;0.371902;0.537971;0.019781;0.919271;0.742927;0.643465;0.121346;0.709633;0.417421;0.166597;0.480985;0.312578;0.598241;0.551258;0.366745;0.165084;0.658736;0.508756;0.493006;0.014134;0.313411;0.589794;0.176143;0.784464;0.733232;0.634928;0.486367;0.846679;0.04806;0.969524;0.105701;0.088733;0.220039;0.318597;0.801817;0.708144;0.318859;0.919003;0.790022;0.925554;0.159085;0.956433;0.570967;0.792808;0.295505;0.058327;0.462907;0.7797;0.016347;0.74375;0.888974;0.26636;0.981802;0.616553;0.467967;0.885788;0.320584;0.624016;0.083221;0.360456;0.514614;0.051788;0.562762;0.357337;0.143409;0.305556;0.972238;0.555021;0.929434;0.06424;0.737658;0.39768;0.307004;0.306443;0.286513;0.175023;0.59132;0.953861
0.630291;0.602523;0.680018;0.181044;0.65601;0.397311;0.899068;0.421808;0.97699;0.303618;0.16177;0.893439;0.969575;0.612967;0.606196;0.947711;0.197917;0.650604;0.145049;0.13176;0.060442;0.686264;0.082913;0.188435;0.315321;0.165095;0.483163;0.540127;0.997557;0.722897;0.818484;0.909226;0.989134;0.07616;0.571505;0.468825;0.299159;0.923497;0.695702;0.220502;0.010907;0.422336;0.313316;0.321288;0.761107;0.452443;0.071257;0.797603;0.530884;0.922667;0.437896;0.663436;0.416371;0.218128;0.415457;0.680447;0.141003;0.984285;0.028709;0.479387;0.922605;0.645055;0.349954;0.081496;0.064804;0.932189;0.551064;0.634097;0.413699;0.221363;0.476677;0.881088;0.302919;0.655395;0.286764;0.812082;0.162389;0.051609;0.848355;0.316977;0.614322;0.965579;0.049731;0.331018;0.523809;0.792544;0.225432;0.742732;0.704529;0.819926;0.105471;0.805561;0.136381;0.96629;0.165965;0.883907;0.880746;0.739044;0.875797;0.477137
0.337;0.131063;0.113501;0.128244;0.012537;0.534516;0.345433;0.133655;0.831436;0.618258;0.648774;0.514444;0.915026;0.886508;0.589422;0.304066;0.453852;0.389417;0.368847;0.630165;0.128497;0.225522;0.453993;0.907345;0.035919;0.47292;0.877477;0.009006;0.821118;0.166287;0.018989;0.522862;0.127279;0.312955;0.084344;0.776446;0.025284;0.44454;0.663752;0.995291;0.949637;0.755085;0.683109;0.365443;0.576702;0.060958;0.22641;0.486228;0.202031;0.620389;0.033114;0.662784;0.602473;0.687481;0.094059;0.940239;0.788558;0.403846;0.522407;0.160951;0.927037;0.222319;0.865425;0.911975;0.847097;0.668777;0.053736;0.380226;0.001621;0.616441;0.766178;0.039157;0.483968;0.319233;0.049429;0.153824;0.806583;0.352999;0.508161;0.339487;0.711723;0.021129;0.812767;0.050854;0.063992;0.951734;0.792008;0.595055;0.052497;0.604375;0.489436;0.36487;0.733976;0.916085;0.972886;0.535563;0.106211;0.939968;0.884972;0.468191
0.022319;0.247597;0.7269;0.748645;0.075508;0.890129;0.232232;0.589682;0.351071;0.500943;0.478544;0.482001;0.359796;0.625487;0.357606;0.804024;0.268844;0.53139;0.372025;0.148472;0.727215;0.201653;0.94878;0.431127;0.788155;0.132664;0.491157;0.303287;0.599573;0.343489;0.301032;0.798905;0.879737;0.801863;0.22776;0.911459;0.148999;0.619691;0.691908;0.20396;0.353257;0.264109;0.343482;0.490387;0.94223;0.936621;0.494455;0.218016;0.241162;0.421154;0.714277;0.649146;0.156813;0.823919;0.542281;0.484966;0.710967;0.445603;0.697087;0.706351;0.574182;0.862278;0.595448;0.613862;0.943329;0.99172;0.181188;0.260681;0.69785;0.664836;0.720784;0.086808;0.196105;0.334411;0.087982;0.746314;0.332895;0.209532;0.44367;0.61246;0.119804;0.776274;0.034755;0.834321;0.793652;0.623637;0.366168;0.247641;0.908787;0.452737;0.424614;0.768729;0.774043;0.612636;0.564343;0.471973;0.149257;0.631018;0.417108;0.392346
0.301478;0.625263;0.577575;0.893482;0.15281;0.679347;0.873973;0.976673;0.103599;0.196586;0.09844;0.547114;0.493408;0.732382;0.508563;0.387988;0.811427;0.845672;0.575636;0.766316;0.297352;0.697917;0.871297;0.67287;0.961754;0.090121;0.007954;0.718146;0.558057;0.441592;0.84066;0.341675;0.478415;0.121595;0.542878;0.465968;0.098663;0.440468;0.978168;0.931544;0.812135;0.738438;0.179678;0.981132;0.929733;0.85083;0.546083;0.972808;0.791356;0.664851;0.463516;0.909969;0.080932;0.255785;0.976498;0.586275;0.482689;0.228673;0.005915;0.615289;0.854027;0.252309;0.891697;0.005309;0.146354;0.446623;0.766078;0.691444;0.296145;0.347894;0.926213;0.927423;0.492798;0.129033;0.395218;0.899207;0.001762;0.488343;0.398056;0.234686;0.240032;0.598866;0.61326;0.24272;0.019122;0.654122;0.554491;0.890991;0.557554;0.327086;0.255654;0.6893;0.511847;0.463829;0.27981;0.254207;0.073809;0.154815;0.434981;0.378932
0.332993;0.405673;0.806112;0.052364;0.713069;0.733266;0.638319;0.794585;0.300755;0.789764;0.082206;0.526094;0.978311;0.69443;0.439849;0.313866;0.910713;0.911923;0.059241;0.911511;0.166587;0.772079;0.425193;0.875488;0.888455;0.628775;0.053472;0.065487;0.702226;0.465792;0.764912;0.930165;0.714383;0.447518;0.348035;0.28471;0.173478;0.138874;0.287526;0.698798;0.317337;0.540272;0.285683;0.236806;0.697146;0.835948;0.219388;0.458854;0.045091;0.613392;0.003722;0.948658;0.28717;0.389541;0.059042;0.566263;0.848105;0.590313;0.829828;0.959355;0.529166;0.382734;0.330205;0.597518;0.090261;0.443846;0.964006;0.805759;0.357979;0.533814;0.534302;0.65982;0.812652;0.89414;0.291469;0.538247;0.211733;0.496828;0.237144;0.62242;0.714533;0.968523;0.239148;0.977354;0.681389;0.905059;0.951018;0.819155;0.98869;0.824789;0.340292;0.090939;0.451849;0.665683;0.925599;0.000745;0.061438;0.871197;0.105685;0.793534
0.119091;0.565801;0.347072;0.689046;0.021592;0.033117;0.410438;0.957511;0.798487;0.765968;0.034293;0.053707;0.303794;0.148333;0.646182;0.960832;0.508625;0.091613;0.815367;0.781364;0.594126;0.414949;0.408683;0.048033;0.376159;0.638952;0.761676;0.739767;0.103012;0.630259;0.083073;0.211261;0.464895;0.717575;0.623219;0.703634;0.067801;0.203171;0.35861;0.973065;0.201558;0.361506;0.116613;0.093431;0.207831;0.746283;0.257305;0.134106;0.612432;0.464718;0.575336;0.293082;0.861861;0.085149;0.81986;0.337025;0.369064;0.027251;0.242317;0.5182;0.926781;0.022756;0.532229;0.89801;0.443122;0.231895;0.951106;0.113913;0.343095;0.527292;0.727267;0.521199;0.699318;0.87282;0.74688;0.067262;0.497733;0.499536;0.405761;0.051847;0.959794;0.609469;0.692795;0.675274;0.965591;0.735856;0.288465;0.931528;0.156236;0.874408;0.476922;0.187544;0.946062;0.111054;0.922797;0.061738;0.515286;0.794478;0.024411;0.550607
0.858621;0.728843;0.047449;0.039492;0.895046;0.280014;0.338348;0.279236;0.243853;0.367781;0.755971;0.2202;0.761182;0.278648;0.530211;0.843423;0.674132;0.834499;0.966937;0.068504;0.346965;0.953338;0.779242;0.081706;0.53319;0.180851;0.021413;0.793868;0.813283;0.898804;0.329707;0.789473;0.475644;0.794704;0.045026;0.585945;0.16704;0.553485;0.901654;0.597308;0.822136;0.279534;0.149821;0.258997;0.80545;0.55228;0.913697;0.930246;0.565548;0.491205;0.030018;0.819393;0.484303;0.429027;0.766425;0.412532;0.104128;0.060518;0.186518;0.859216;0.954426;0.523891;0.586824;0.84311;0.369812;0.849914;0.669651;0.93451;0.470679;0.964337;0.133717;0.428758;0.059869;0.201081;0.345577;0.534711;0.360982;0.126412;0.997596;0.218258;0.305602;0.126704;0.516437;0.808994;0.098039;0.949597;0.474272;0.254014;0.131188;0.872447;0.131148;0.929025;0.32617;0.891246;0.82309;0.155624;0.825002;0.47068;0.461875;0.777329
0.751897;0.214371;0.719721;0.00395;0.510987;0.343903;0.83674;0.144419;0.975132;0.942821;0.610541;0.441039;0.896748;0.391038;0.298906;0.930851;0.395175;0.077092;0.662559;0.516421;0.692043;0.823845;0.385845;0.37823;0.982483;0.421323;0.060728;0.138187;0.455129;0.087812;0.811166;0.502995;0.646722;0.451217;0.960688;0.411968;0.613847;0.899753;0.066102;0.094085;0.658371;0.344804;0.879668;0.946867;0.150149;0.027694;0.137179;0.74177;0.471218;0.64579;0.206557;0.974817;0.68533;0.073563;0.095773;0.854054;0.789759;0.825362;0.541447;0.384025;0.804011;0.071058;0.707668;0.764337;0.768282;0.043576;0.763972;0.169626;0.827804;0.59632;0.73134;0.357372;0.221822;0.740753;0.734095;0.861181;0.918285;0.837053;0.541621;0.798001;0.62039;0.778826;0.532083;0.006932;0.804868;0.834383;0.704824;0.920872;0.367653;0.302695;0.620025;0.085342;0.930357;0.77731;0.329787;0.429047;0.3672;0.061581;0.035464;0.708085
0.851019;0.073608;0.066117;0.037863;0.24141;0.781197;0.130687;0.388124;0.709829;0.697413;0.404549;0.475914;0.099149;0.218354;0.67602;0.887494;0.239831;0.47824;0.359686;0.817623;0.126778;0.573415;0.810943;0.995267;0.770661;0.731775;0.810421;0.257292;0.244264;0.778225;0.911978;0.558112;0.32988;0.953585;0.732109;0.45086;0.783594;0.938411;0.734525;0.411154;0.328494;0.309921;0.450491;0.188875;0.970489;0.448101;0.284724;0.036061;0.013701;0.301363;0.790417;0.717767;0.697493;0.262302;0.16898;0.483515;0.753158;0.727566;0.223665;0.858079;0.885519;0.278821;0.249678;0.453936;0.295788;0.701415;0.03579;0.378043;0.091389;0.958185;0.391754;0.101289;0.550523;0.082547;0.920982;0.324961;0.73477;0.587346;0.011209;0.5355;0.171128;0.218199;0.531363;0.252507;0.596278;0.639736;0.378634;0.843916;0.391681;0.445037;0.826175;0.76182;0.082855;0.232334;0.656515;0.629369;0.056584;0.409861;0.521742;0.832694
0.340066;0.552728;0.607246;0.84208;0.486575;0.5708;0.107937;0.255849;0.503217;0.732682;0.542542;0.119032;0.368736;0.922894;0.321793;0.153038;0.51261;0.397648;0.158216;0.605018;0.011761;0.976403;0.885946;0.143536;0.729459;0.98381;0.030468;0.272477;0.749928;0.225139;0.934205;0.289921;0.670736;0.330492;0.527085;0.216266;0.415841;0.440662;0.804038;0.03134;0.284802;0.274274;0.410819;0.904834;0.108858;0.754917;0.947431;0.768721;0.647905;0.413732;0.666443;0.192019;0.681179;0.779198;0.393075;0.261658;0.517283;0.376561;0.680627;0.206954;0.421045;0.234566;0.249651;0.619353;0.848543;0.595014;0.862642;0.128677;0.12596;0.601595;0.267667;0.622179;0.453469;0.250235;0.465784;0.24483;0.523917;0.239518;0.823987;0.092574;0.120021;0.179967;0.227475;0.739778;0.654158;0.726153;0.378466;0.672363;0.789268;0.243953;0.771231;0.699912;0.843826;0.173602;0.288672;0.588464;0.401869;0.329142;0.793426;0.567649
0.267228;0.032982;0.446461;0.717674;0.662913;0.619605;0.878731;0.68856;0.818802;0.649525;0.715502;0.708276;0.773215;0.071512;0.508336;0.452056;0.805473;0.655215;0.202315;0.3657;0.44214;0.497779;0.425688;0.023935;0.929705;0.446548;0.536843;0.108624;0.541469;0.352019;0.687977;0.911412;0.649858;0.270063;0.488523;0.013821;0.283412;0.633641;0.397542;0.620535;0.303792;0.808468;0.614823;0.155082;0.418;0.690191;0.022325;0.851749;0.372624;0.171826;0.833554;0.163302;0.328828;0.902602;0.664738;0.177101;0.653501;0.530667;0.180312;0.115901;0.895069;0.228106;0.56433;0.886493;0.530115;0.271878;0.569106;0.410075;0.724154;0.086232;0.183578;0.636957;0.545609;0.605441;0.866594;0.385073;0.239573;0.995192;0.045014;0.685774;0.504941;0.491372;0.548736;0.288474;0.947243;0.169722;0.207309;0.50947;0.605892;0.842917;0.937959;0.959152;0.545156;0.387224;0.508095;0.431742;0.462806;0.681976;0.371153;0.422108
0.310141;0.6976;0.943412;0.322318;0.6827;0.900512;0.188063;0.663245;0.511257;0.710264;0.309744;0.636306;0.321198;0.300634;0.692562;0.710073;0.556762;0.026281;0.007626;0.006895;0.63705;0.555454;0.092302;0.204492;0.636714;0.644458;0.591428;0.737512;0.043243;0.601941;0.647364;0.959396;0.325185;0.859191;0.900003;0.34931;0.418254;0.292024;0.463531;0.214819;0.003176;0.59982;0.525357;0.694174;0.657509;0.628291;0.442072;0.082968;0.279581;0.648706;0.211022;0.924265;0.319151;0.250298;0.550283;0.194777;0.480501;0.570893;0.366005;0.764047;0.019269;0.049842;0.108509;0.95681;0.296259;0.173383;0.533188;0.329371;0.742934;0.402777;0.861964;0.499845;0.311637;0.333659;0.233888;0.572497;0.217643;0.723298;0.852725;0.968555;0.498054;0.51505;0.395539;0.465639;0.660745;0.961484;0.407961;0.247748;0.155549;0.951695;0.489303;0.60137;0.730027;0.727285;0.285687;0.713245;0.423224;0.135116;0.742948;0.69938
0.163043;0.495583;0.133117;0.416316;0.75282;0.529142;0.651082;0.137655;0.578125;0.836088;0.941012;0.342542;0.57637;0.57801;0.933621;0.603234;0.701036;0.379288;0.61825;0.492885;0.394005;0.760992;0.303996;0.632037;0.742826;0.853674;0.513753;0.124349;0.424299;0.855374;0.502486;0.928243;0.643112;0.980389;0.891218;0.359134;0.120306;0.839713;0.096468;0.602298;0.192374;0.055765;0.608957;0.549605;0.013596;0.99599;0.991094;0.704378;0.875369;0.909579;0.366333;0.697546;0.105952;0.154432;0.109251;0.821502;0.472701;0.149557;0.547769;0.610974;0.39352;0.60222;0.954455;0.434465;0.70865;0.045632;0.774301;0.931182;0.534839;0.183516;0.39898;0.815706;0.840086;0.912298;0.009318;0.257518;0.321671;0.915646;0.562024;0.680879;0.332913;0.201062;0.973913;0.800703;0.020618;0.853946;0.92896;0.857713;0.006244;0.984808;0.10059;0.635131;0.080423;0.427154;0.906294;0.206744;0.535459;0.138983;0.162499;0.977152
0.162532;0.993534;0.302667;0.241193;0.432542;0.392914;0.572163;0.753315;0.437903;0.165839;0.678578;0.200832;0.925128;0.515005;0.943922;0.298284;0.152867;0.670973;0.139396;0.891113;0.022608;0.253862;0.408699;0.827776;0.451733;0.554658;0.912593;0.662993;0.438949;0.475531;0.392194;0.601347;0.536884;0.264461;0.318051;0.18019;0.182569;0.731391;0.192304;0.843438;0.775813;0.209446;0.398078;0.396369;0.876181;0.107123;0.459905;0.913858;0.356185;0.374937;0.100782;0.592108;0.773759;0.525998;0.75474;0.627452;0.868376;0.623675;0.857963;0.660844;0.927554;0.624782;0.381655;0.817057;0.806447;0.848497;0.13755;0.978993;0.518611;0.746352;0.426037;0.928218;0.647779;0.780545;0.112876;0.113789;0.216546;0.963564;0.542217;0.180737;0.360227;0.18007;0.835251;0.001015;0.19969;0.097266;0.238944;0.246971;0.373379;0.169899;0.047993;0.269335;0.954352;0.619502;0.682645;0.790085;0.486566;0.74427;0.446583;0.299866
0.450906;0.054989;0.866269;0.281528;0.885116;0.957392;0.71727;0.309043;0.513749;0.487505;0.118185;0.631039;0.329664;0.070673;0.105597;0.004633;0.814947;0.988089;0.090369;0.887253;0.906839;0.836497;0.10932;0.744494;0.198839;0.591005;0.440228;0.306003;0.95918;0.080371;0.110041;0.37918;0.367437;0.252349;0.423647;0.428206;0.77892;0.010915;0.268309;0.522934;0.931008;0.640981;0.944057;0.100977;0.775175;0.80425;0.432512;0.947217;0.049439;0.313001;0.557654;0.041545;0.989133;0.367634;0.563195;0.977999;0.566296;0.540787;0.77913;0.645732;0.939098;0.827216;0.851989;0.197787;0.742462;0.112242;0.961914;0.002083;0.400864;0.646021;0.256925;0.061695;0.006625;0.278598;0.917552;0.605584;0.296179;0.78735;0.77887;0.12805;0.941428;0.039578;0.350603;0.83603;0.340636;0.405651;0.636623;0.874561;0.388694;0.424475;0.927265;0.014899;0.380273;0.061378;0.523439;0.207162;0.282588;0.276617;0.916764;0.617442
0.15058;0.064018;0.446542;0.749311;0.410368;0.268076;0.92502;0.055654;0.802144;0.771405;0.693426;0.543588;0.024378;0.350318;0.359166;0.762588;0.232105;0.226981;0.622759;0.124124;0.36881;0.465679;0.504053;0.355287;0.463263;0.326309;0.188702;0.502748;0.314384;0.689033;0.301885;0.955852;0.699134;0.60344;0.34456;0.614706;0.22961;0.066074;0.481682;0.43614;0.645239;0.751579;0.557302;0.365106;0.645952;0.42925;0.981576;0.375745;0.605029;0.279509;0.417868;0.859527;0.865262;0.269775;0.022585;0.020688;0.585471;0.351188;0.048973;0.894848;0.973561;0.202253;0.018438;0.072995;0.560731;0.270799;0.817743;0.961702;0.261683;0.160677;0.981436;0.886293;0.433655;0.400405;0.275069;0.466226;0.329459;0.382575;0.337832;0.717747;0.212917;0.920369;0.008179;0.50255;0.134136;0.431808;0.817999;0.735077;0.245173;0.309239;0.543303;0.042948;0.291147;0.074581;0.873912;0.744704;0.798356;0.02978;0.105541;0.138313
0.48893;0.691284;0.57427;0.350209;0.910158;0.989347;0.971694;0.320635;0.616816;0.49628;0.129751;0.908894;0.015086;0.115874;0.37459;0.519152;0.852796;0.456691;0.913313;0.10661;0.677751;0.956446;0.827983;0.722042;0.895926;0.749117;0.217572;0.137126;0.453865;0.893489;0.746534;0.868216;0.218941;0.132965;0.160755;0.872575;0.275511;0.562442;0.10127;0.957104;0.301862;0.304724;0.40069;0.817473;0.64583;0.814102;0.105418;0.790408;0.054792;0.445155;0.05426;0.675409;0.622234;0.80517;0.482804;0.755303;0.132578;0.301116;0.208995;0.926396;0.977472;0.866523;0.82688;0.940872;0.005529;0.298194;0.703037;0.647323;0.208617;0.771655;0.747989;0.612558;0.881178;0.955869;0.881957;0.30127;0.956898;0.280309;0.917161;0.529001;0.510864;0.24768;0.419224;0.786157;0.472439;0.259662;0.144754;0.019081;0.565968;0.952707;0.87421;0.886596;0.955474;0.450403;0.41525;0.630895;0.54473;0.168671;0.069426;0.832524
0.535678;0.599406;0.704729;0.151242;0.960491;0.124483;0.544689;0.51261;0.865155;0.341147;0.546223;0.67995;0.1643;0.923555;0.041426;0.211779;0.920524;0.663313;0.206377;0.599415;0.778187;0.694341;0.538677;0.620537;0.537022;0.157888;0.340676;0.631416;0.047724;0.715153;0.902696;0.824582;0.291832;0.247005;0.643368;0.741039;0.338906;0.749575;0.777289;0.318911;0.975658;0.544769;0.486877;0.982374;0.757145;0.805517;0.482047;0.247866;0.669001;0.591462;0.837047;0.516305;0.889196;0.149994;0.995658;0.130091;0.633865;0.156505;0.024916;0.055572;0.804783;0.440322;0.416307;0.850954;0.978076;0.329142;0.856016;0.218631;0.779194;0.836095;0.695659;0.158931;0.389161;0.466211;0.865544;0.900434;0.489428;0.573965;0.808626;0.67723;0.144298;0.670426;0.749468;0.058977;0.729013;0.002361;0.044926;0.469888;0.010057;0.811318;0.193635;0.822795;0.701536;0.597295;0.409814;0.371467;0.587292;0.309059;0.055335;0.725322
0.771233;0.784974;0.69726;0.382153;0.486962;0.539896;0.056573;0.27129;0.216765;0.51055;0.442659;0.454768;0.584613;0.242966;0.797255;0.476475;0.329457;0.256122;0.685158;0.211354;0.416084;0.374136;0.403945;0.123233;0.019499;0.671629;0.95774;0.117911;0.922986;0.076074;0.630141;0.710915;0.503524;0.454993;0.105061;0.435766;0.938757;0.788218;0.863263;0.781007;0.300447;0.287356;0.410721;0.847093;0.784854;0.962701;0.648879;0.102398;0.60807;0.480316;0.170419;0.861396;0.754011;0.326824;0.301626;0.614127;0.479942;0.135471;0.739128;0.555205;0.55048;0.451632;0.065605;0.261455;0.884976;0.728778;0.011616;0.577604;0.373026;0.595587;0.374568;0.350102;0.252209;0.958031;0.80166;0.63764;0.140546;0.092378;0.466299;0.732082;0.91401;0.179882;0.585198;0.804801;0.557093;0.273343;0.323861;0.60553;0.570611;0.696798;0.556916;0.85111;0.87262;0.606164;0.77818;0.510583;0.942617;0.309974;0.575367;0.836846
0.018741;0.862352;0.392577;0.197085;0.890621;0.144863;0.465423;0.637268;0.614036;0.001111;0.629582;0.426719;0.606814;0.327041;0.727085;0.142641;0.394927;0.873152;0.952538;0.490652;0.345531;0.904666;0.874027;0.072395;0.102977;0.524978;0.069611;0.496663;0.196687;0.115203;0.757621;0.540796;0.410715;0.137341;0.907241;0.066817;0.632679;0.139686;0.106288;0.506464;0.473255;0.398417;0.939957;0.551081;0.584349;0.601527;0.424225;0.000295;0.133933;0.301343;0.823809;0.429822;0.888947;0.451745;0.882978;0.917304;0.60638;0.726728;0.351334;0.900998;0.051754;0.513029;0.602276;0.679122;0.866097;0.537904;0.009244;0.967766;0.627565;0.424461;0.266391;0.112143;0.760899;0.688448;0.716;0.770761;0.390297;0.895012;0.933444;0.628607;0.836421;0.610709;0.650863;0.779222;0.693912;0.198495;0.884176;0.992827;0.347064;0.703115;0.926171;0.289002;0.945802;0.745537;0.419495;0.922196;0.981966;0.494333;0.659836;0.579458
0.773628;0.765122;0.261874;0.226613;0.439635;0.699583;0.052567;0.589656;0.20015;0.722757;0.087303;0.575558;0.001728;0.495099;0.976709;0.347941;0.776842;0.138727;0.797893;0.458338;0.18906;0.182402;0.945842;0.536248;0.179492;0.804671;0.128548;0.372559;0.754058;0.345293;0.753653;0.201707;0.423003;0.526634;0.166486;0.127492;0.824451;0.624189;0.527853;0.090216;0.251624;0.816791;0.835695;0.290448;0.693601;0.134678;0.955656;0.835755;0.216631;0.563879;0.612002;0.122494;0.394865;0.118607;0.29216;0.289796;0.412622;0.349469;0.779174;0.424485;0.046087;0.561857;0.191754;0.103868;0.828407;0.820417;0.517005;0.616975;0.829712;0.971644;0.686858;0.616904;0.026853;0.201232;0.227763;0.694564;0.674575;0.448748;0.3707;0.876643;0.256146;0.461276;0.831125;0.451678;0.076271;0.380349;0.362717;0.024104;0.319237;0.039463;0.995265;0.113418;0.005482;0.850632;0.864824;0.14737;0.854624;0.761927;0.155694;0.366244
0.932302;0.952019;0.554293;0.469697;0.036087;0.70973;0.569182;0.67536;0.243658;0.78831;0.461416;0.33063;0.711845;0.973402;0.694761;0.432449;0.302398;0.232124;0.773691;0.758008;0.004197;0.665968;0.832134;0.734379;0.926549;0.287567;0.265534;0.291475;0.336772;0.14444;0.179393;0.527777;0.728872;0.278174;0.085503;0.346989;0.203565;0.143802;0.776787;0.717324;0.669339;0.293084;0.939415;0.703584;0.118949;0.117496;0.007336;0.51733;0.335093;0.621086;0.37483;0.371071;0.324079;0.390498;0.860758;0.634946;0.093569;0.446149;0.277643;0.550793;0.324281;0.164397;0.871933;0.633421;0.673644;0.680553;0.48635;0.173527;0.303611;0.164921;0.819964;0.289207;0.78082;0.481134;0.910882;0.287416;0.397294;0.609317;0.631122;0.428145;0.532955;0.728448;0.981243;0.39677;0.949479;0.243422;0.471868;0.995115;0.573102;0.914219;0.530111;0.788448;0.181403;0.686618;0.216965;0.520071;0.641364;0.513627;0.441995;0.658984
0.702269;0.866231;0.723143;0.786798;0.424815;0.112564;0.33544;0.872474;0.200557;0.500645;0.341745;0.181227;0.608589;0.127929;0.390537;0.520596;0.117119;0.195994;0.028946;0.41278;0.552623;0.133508;0.142054;0.690551;0.289222;0.986352;0.322753;0.292202;0.956455;0.75602;0.33311;0.293295;0.113937;0.48465;0.738862;0.533582;0.549618;0.793794;0.190251;0.858764;0.710228;0.454777;0.639294;0.378816;0.58146;0.465333;0.361099;0.91383;0.032312;0.2588;0.68332;0.704081;0.712425;0.825873;0.179671;0.629086;0.424115;0.467928;0.539068;0.735472;0.987004;0.915955;0.784038;0.541882;0.062032;0.479249;0.113376;0.339116;0.022373;0.705397;0.869136;0.763758;0.416744;0.364683;0.419828;0.878801;0.586764;0.147913;0.123307;0.365368;0.956769;0.920723;0.367475;0.418843;0.675942;0.657776;0.15117;0.08462;0.721369;0.925352;0.370525;0.717913;0.298915;0.652171;0.428086;0.395219;0.45634;0.068195;0.884152;0.090015
0.671244;0.994908;0.203724;0.277316;0.704635;0.599118;0.331661;0.912998;0.174957;0.856707;0.102203;0.484024;0.978701;0.96653;0.8907;0.503005;0.109924;0.431418;0.109594;0.222602;0.954767;0.968728;0.772726;0.9518;0.019615;0.522901;0.13067;0.601888;0.811233;0.713805;0.325399;0.052478;0.597153;0.359443;0.071605;0.467928;0.878373;0.605284;0.411783;0.327222;0.460775;0.933873;0.388382;0.468258;0.604985;0.991175;0.696986;0.958829;0.922377;0.611821;0.318008;0.276425;0.382952;0.968125;0.114002;0.327604;0.765189;0.220342;0.345103;0.130877;0.118622;0.377331;0.495574;0.173396;0.873852;0.790615;0.096648;0.495867;0.803927;0.483142;0.326677;0.931316;0.919287;0.946657;0.549385;0.958486;0.403358;0.990154;0.893061;0.402345;0.126866;0.502799;0.85642;0.649649;0.6396;0.950225;0.384383;0.930478;0.756735;0.182821;0.561482;0.941602;0.616453;0.185734;0.770566;0.560738;0.525062;0.075785;0.423357;0.823376
0.319169;0.415871;0.894492;0.189095;0.621443;0.138859;0.425279;0.851564;0.132912;0.785026;0.41384;0.586286;0.654941;0.749264;0.840281;0.379852;0.500187;0.915116;0.42922;0.749224;0.304582;0.333177;0.258948;0.104059;0.458538;0.941676;0.623847;0.619443;0.481371;0.937957;0.874153;0.640586;0.833043;0.859945;0.250563;0.091843;0.266922;0.678332;0.120904;0.077706;0.818037;0.505108;0.899007;0.38691;0.40966;0.614451;0.629362;0.630323;0.386881;0.275078;0.508246;0.357045;0.723336;0.741736;0.139169;0.383904;0.161053;0.156915;0.382675;0.995085;0.327162;0.475314;0.092791;0.606597;0.489394;0.455096;0.238958;0.555095;0.313168;0.579684;0.109377;0.884498;0.313889;0.301401;0.643063;0.577931;0.709114;0.904534;0.717511;0.959676;0.171906;0.334586;0.881415;0.622727;0.32729;0.488967;0.610417;0.240914;0.470724;0.989771;0.113349;0.322925;0.154202;0.106092;0.313559;0.926351;0.73088;0.248272;0.233523;0.318895
0.304069;0.629984;0.351323;0.527335;0.934434;0.550584;0.646912;0.826365;0.80457;0.82761;0.989277;0.739781;0.904725;0.989377;0.55942;0.134666;0.003841;0.16171;0.804443;0.777252;0.395856;0.77172;0.491104;0.371581;0.925784;0.039682;0.243328;0.556249;0.063065;0.424364;0.168909;0.923934;0.891926;0.386059;0.070143;0.978138;0.827683;0.191612;0.729017;0.963206;0.358781;0.171332;0.660403;0.072303;0.082037;0.350308;0.02712;0.622965;0.59579;0.366913;0.831339;0.366719;0.821479;0.758914;0.333819;0.686189;0.734101;0.447335;0.647982;0.948393;0.592668;0.104367;0.196707;0.15317;0.980426;0.862125;0.917801;0.25138;0.924594;0.025133;0.403977;0.143318;0.324997;0.572507;0.585128;0.755531;0.986867;0.472607;0.186788;0.428957;0.864333;0.167153;0.970714;0.778419;0.280609;0.487543;0.280482;0.47695;0.295166;0.779293;0.398991;0.771263;0.291377;0.400151;0.598809;0.778969;0.214456;0.67043;0.171465;0.680237
0.097057;0.71278;0.807988;0.176409;0.32118;0.8013;0.557662;0.500302;0.857137;0.99963;0.452885;0.051114;0.822249;0.348907;0.988992;0.273978;0.702883;0.91351;0.669228;0.312307;0.354438;0.580912;0.662254;0.214288;0.298942;0.561179;0.633227;0.768091;0.597013;0.600519;0.255155;0.556025;0.216211;0.285713;0.940549;0.679594;0.722412;0.123208;0.23703;0.358783;0.209057;0.114428;0.793582;0.977666;0.453603;0.931532;0.965049;0.262078;0.222842;0.06452;0.385225;0.728764;0.488473;0.289597;0.477804;0.738664;0.002665;0.274977;0.419404;0.110913;0.937704;0.176565;0.083359;0.20355;0.754128;0.066877;0.247645;0.696444;0.215761;0.655126;0.179246;0.090795;0.448165;0.497536;0.089974;0.598768;0.8982;0.242593;0.869886;0.736324;0.762731;0.481058;0.329625;0.774706;0.334565;0.037751;0.367439;0.113324;0.750258;0.350144;0.648737;0.995148;0.873232;0.020535;0.38602;0.613177;0.95105;0.356257;0.974429;0.268059
0.836588;0.10539;0.725847;0.244177;0.680747;0.48502;0.923571;0.75844;0.581087;0.043434;0.404411;0.083252;0.523966;0.256366;0.330468;0.105119;0.51333;0.504262;0.41096;0.676129;0.230131;0.23458;0.012811;0.798863;0.386941;0.82728;0.236058;0.136013;0.499325;0.380384;0.313957;0.866855;0.321685;0.150337;0.736809;0.082655;0.510346;0.274095;0.642804;0.76002;0.13612;0.478317;0.868651;0.057078;0.788268;0.418778;0.294043;0.975187;0.532634;0.437652;0.0511;0.825019;0.008376;0.760454;0.234125;0.164699;0.688396;0.909964;0.308257;0.433822;0.678318;0.213188;0.585361;0.771882;0.021678;0.047521;0.433489;0.593895;0.239706;0.151932;0.417678;0.292816;0.202972;0.058908;0.865409;0.8122;0.035814;0.766521;0.679447;0.603824;0.368219;0.737509;0.456974;0.992587;0.752281;0.900476;0.370229;0.634199;0.294794;0.301531;0.698123;0.804994;0.890219;0.97844;0.901738;0.077813;0.724555;0.588763;0.600165;0.160019
0.05267;0.525842;0.309593;0.066674;0.428692;0.914732;0.083808;0.150203;0.917183;0.408031;0.59922;0.099952;0.481861;0.395763;0.420763;0.571143;0.000148;0.588363;0.583874;0.197033;0.441942;0.984431;0.688133;0.678561;0.088773;0.650539;0.909338;0.146994;0.675235;0.127901;0.402351;0.602469;0.355943;0.544387;0.011101;0.868449;0.905828;0.331351;0.98653;0.418229;0.519274;0.202213;0.918452;0.55151;0.665816;0.9378;0.521264;0.702232;0.642235;0.741232;0.079435;0.263377;0.086575;0.047542;0.951414;0.019572;0.20324;0.543782;0.687059;0.063161;0.383285;0.821385;0.793174;0.945583;0.16802;0.898007;0.150487;0.225843;0.814023;0.638213;0.235479;0.537082;0.982689;0.832011;0.594234;0.556069;0.668402;0.276898;0.914363;0.352644;0.305188;0.634217;0.99542;0.520989;0.234163;0.245475;0.22695;0.561368;0.856495;0.837007;0.724974;0.677781;0.973571;0.17046;0.591926;0.333797;0.945273;0.849767;0.309878;0.85353
0.797881;0.864133;0.414587;0.426922;0.840193;0.969146;0.849221;0.200933;0.767122;0.062306;0.917495;0.17957;0.455505;0.709517;0.488;0.820925;0.7504;0.949035;0.930537;0.317761;0.132547;0.730485;0.534449;0.336893;0.549039;0.680341;0.938304;0.298366;0.310404;0.47394;0.910052;0.037833;0.716235;0.303721;0.820516;0.173438;0.791795;0.339693;0.829142;0.566849;0.902266;0.891148;0.280909;0.971895;0.347348;0.061669;0.828442;0.681319;0.576229;0.063663;0.097298;0.459582;0.777489;0.084198;0.720129;0.783634;0.482275;0.985648;0.018702;0.856071;0.813786;0.55849;0.648302;0.711498;0.09003;0.236194;0.555046;0.294729;0.157045;0.039127;0.970474;0.673132;0.527545;0.965349;0.516919;0.458325;0.055657;0.600041;0.382273;0.492357;0.225289;0.687247;0.302573;0.650611;0.391053;0.832173;0.741444;0.197407;0.410357;0.138531;0.493847;0.813181;0.904682;0.029165;0.816567;0.01131;0.142279;0.559797;0.71617;0.888881
0.850491;0.513788;0.13235;0.907091;0.25141;0.170043;0.244986;0.862887;0.506339;0.912316;0.756781;0.033969;0.709997;0.273126;0.770386;0.129002;0.507963;0.603446;0.279873;0.159132;0.651583;0.847889;0.556622;0.786138;0.238885;0.200526;0.398252;0.27545;0.789696;0.961366;0.866167;0.981588;0.422908;0.346832;0.967263;0.651681;0.478126;0.066375;0.477208;0.291316;0.36905;0.979461;0.261509;0.178107;0.6613;0.573305;0.072765;0.773235;0.288334;0.357124;0.11676;0.341863;0.810541;0.193493;0.388077;0.955906;0.764539;0.57282;0.60231;0.776889;0.492764;0.613031;0.629685;0.348848;0.644547;0.085723;0.369369;0.452696;0.69721;0.369408;0.479816;0.424303;0.733135;0.280798;0.182276;0.318931;0.707694;0.109499;0.231205;0.535083;0.790636;0.251866;0.163548;0.25967;0.986159;0.074442;0.667941;0.640712;0.266406;0.714176;0.369866;0.1722;0.499286;0.323308;0.300592;0.124114;0.35311;0.789955;0.712372;0.159957
0.132393;0.550495;0.304293;0.846365;0.370399;0.2222;0.879839;0.618914;0.607367;0.035238;0.645348;0.022553;0.808422;0.19297;0.228207;0.079005;0.260964;0.287348;0.8594;0.078967;0.713225;0.636036;0.141099;0.922322;0.984296;0.546298;0.795317;0.719653;0.656681;0.703544;0.040873;0.935024;0.968731;0.312117;0.080777;0.044647;0.889762;0.683122;0.886246;0.250987;0.682282;0.339241;0.404215;0.618489;0.582253;0.907306;0.15011;0.002287;0.189335;0.660694;0.728133;0.328071;0.030113;0.689531;0.778304;0.303854;0.770516;0.709149;0.596036;0.066388;0.01051;0.687938;0.850531;0.043093;0.145181;0.602001;0.105916;0.037312;0.653004;0.134465;0.749916;0.8161;0.121563;0.609005;0.482144;0.477847;0.232201;0.698018;0.056287;0.862042;0.931692;0.677871;0.057242;0.836763;0.182029;0.752366;0.619981;0.720695;0.945853;0.905218;0.167592;0.754081;0.605677;0.929916;0.711111;0.871021;0.39267;0.482592;0.435897;0.552502
0.252683;0.045342;0.468849;0.116938;0.983062;0.540907;0.210984;0.591016;0.863466;0.315606;0.65709;0.762565;0.70515;0.950668;0.852947;0.866773;0.743657;0.73242;0.115641;0.3746;0.296948;0.687225;0.760308;0.249449;0.885212;0.608055;0.927614;0.477055;0.94464;0.504072;0.628597;0.601988;0.520507;0.688472;0.704351;0.379192;0.319361;0.022381;0.53018;0.24668;0.195797;0.269436;0.079264;0.551278;0.72598;0.845929;0.555472;0.54103;0.495509;0.615286;0.652757;0.217326;0.10484;0.211316;0.613416;0.674613;0.402323;0.620346;0.31988;0.651306;0.000609;0.823729;0.13181;0.988659;0.865278;0.970193;0.77735;0.562895;0.801507;0.037186;0.385498;0.352457;0.325357;0.01491;0.700544;0.496766;0.115235;0.660596;0.272558;0.396572;0.438854;0.616451;0.905939;0.075312;0.001744;0.765;0.057001;0.02262;0.954999;0.230613;0.622091;0.532119;0.724838;0.579181;0.135429;0.116933;0.473543;0.507585;0.172035;0.64876
0.771787;0.621068;0.083083;0.200659;0.275154;0.46629;0.077509;0.416186;0.607574;0.489859;0.638674;0.235074;0.460609;0.048829;0.353001;0.852361;0.210451;0.132685;0.678998;0.448253;0.079233;0.143048;0.822168;0.692343;0.362036;0.795184;0.86638;0.117973;0.191367;0.808783;0.358497;0.406284;0.74124;0.771756;0.878455;0.212772;0.340242;0.076608;0.710742;0.661957;0.915117;0.703432;0.027641;0.443495;0.133869;0.152304;0.004772;0.87399;0.270166;0.02771;0.118794;0.744811;0.348353;0.485213;0.218073;0.539371;0.709397;0.578678;0.943219;0.673312;0.504688;0.326752;0.211518;0.380803;0.818785;0.557598;0.314706;0.535308;0.906663;0.39442;0.096206;0.719277;0.572532;0.490272;0.162296;0.272763;0.120178;0.671463;0.62538;0.397938;0.827724;0.296434;0.942077;0.106472;0.020807;0.731355;0.99798;0.841443;0.857245;0.847876;0.153442;0.86172;0.7369;0.500503;0.870262;0.989436;0.954047;0.3065;0.960919;0.527223
0.200684;0.820068;0.54806;0.472913;0.62479;0.477215;0.562733;0.675857;0.552451;0.099958;0.699743;0.380074;0.290652;0.840131;0.328131;0.427124;0.7554;0.660098;0.321958;0.921545;0.72033;0.643177;0.172463;0.668449;0.126905;0.352166;0.834593;0.349929;0.717273;0.792121;0.304452;0.076398;0.742873;0.916079;0.812578;0.773307;0.794096;0.59698;0.68769;0.229128;0.016569;0.003416;0.71153;0.210344;0.731304;0.314692;0.852987;0.475666;0.911214;0.325942;0.462038;0.036876;0.937091;0.697356;0.142205;0.620837;0.12363;0.717043;0.133377;0.975627;0.905274;0.56324;0.795358;0.230219;0.090797;0.097535;0.93422;0.232162;0.416717;0.156592;0.004958;0.930221;0.236579;0.532079;0.94576;0.763226;0.685373;0.922379;0.277105;0.328248;0.647029;0.063426;0.068994;0.2887;0.52801;0.849215;0.715429;0.291512;0.837449;0.092974;0.513056;0.085941;0.065069;0.219898;0.15655;0.788927;0.009687;0.127563;0.281942;0.773877
0.596738;0.723452;0.235382;0.550108;0.060229;0.034618;0.990718;0.200623;0.358542;0.976246;0.484518;0.518594;0.564196;0.512215;0.132725;0.405986;0.53784;0.4155;0.556975;0.455077;0.564072;0.603023;0.48128;0.278251;0.522082;0.57885;0.564958;0.211848;0.827936;0.332276;0.754737;0.983099;0.934022;0.405303;0.557059;0.278945;0.362521;0.756466;0.331878;0.049239;0.353468;0.568663;0.985028;0.315071;0.510967;0.104817;0.341902;0.659172;0.802165;0.549712;0.23265;0.806243;0.277509;0.979676;0.705529;0.573494;0.891646;0.84906;0.67245;0.512206;0.476887;0.710586;0.377425;0.296521;0.66329;0.547136;0.649315;0.029335;0.25658;0.307411;0.046158;0.038731;0.12225;0.233342;0.730619;0.066132;0.919763;0.95775;0.099774;0.164959;0.557303;0.514923;0.690064;0.805706;0.974917;0.174602;0.907755;0.655558;0.225706;0.398523;0.632496;0.048357;0.213724;0.171424;0.533077;0.501162;0.249356;0.334531;0.081102;0.034218
0.202275;0.663562;0.689364;0.472267;0.62054;0.734923;0.757203;0.072391;0.413346;0.253309;0.663257;0.289015;0.718572;0.352309;0.783557;0.941335;0.840167;0.189159;0.415159;0.436787;0.362976;0.788436;0.937765;0.98824;0.385483;0.377173;0.608394;0.171372;0.832852;0.294878;0.476047;0.172951;0.20273;0.214635;0.302244;0.022688;0.094411;0.089798;0.868877;0.593802;0.183811;0.129415;0.927833;0.5714;0.345365;0.375994;0.767503;0.574943;0.326993;0.938641;0.39638;0.699887;0.689466;0.839139;0.660346;0.630742;0.317982;0.118357;0.684379;0.241613;0.553248;0.70731;0.801297;0.546647;0.168632;0.7673;0.735836;0.186002;0.840616;0.406883;0.248745;0.985375;0.216186;0.117826;0.722245;0.66567;0.120734;0.084141;0.853315;0.029361;0.561457;0.208466;0.981894;0.03917;0.669151;0.852698;0.15246;0.992675;0.398847;0.543106;0.162084;0.374626;0.809282;0.585829;0.883336;0.127577;0.528503;0.359682;0.160215;0.455333
0.088048;0.806048;0.107971;0.880352;0.502927;0.952921;0.147682;0.111225;0.131289;0.578169;0.293909;0.330929;0.726913;0.200026;0.297018;0.134253;0.857619;0.505032;0.099106;0.532033;0.09976;0.194042;0.362667;0.032643;0.98689;0.796782;0.451593;0.089241;0.019167;0.647935;0.800899;0.441886;0.134633;0.002716;0.397962;0.333044;0.011897;0.291648;0.653869;0.683532;0.85376;0.232825;0.408544;0.401972;0.059158;0.32547;0.454717;0.795838;0.939571;0.217704;0.182331;0.885412;0.1299;0.928965;0.299097;0.551451;0.53902;0.347744;0.53544;0.567335;0.372569;0.967157;0.408287;0.748594;0.9289;0.38731;0.019153;0.437414;0.645771;0.41114;0.963836;0.081434;0.024644;0.849632;0.020466;0.499286;0.683635;0.349011;0.972078;0.371386;0.875454;0.221181;0.278112;0.504416;0.240476;0.092765;0.546088;0.708109;0.776868;0.575848;0.961052;0.570005;0.17733;0.500296;0.731095;0.765048;0.715463;0.127649;0.664056;0.366956
0.886459;0.438755;0.259991;0.613697;0.131315;0.962826;0.224555;0.686449;0.780935;0.715912;0.021257;0.673277;0.963349;0.175155;0.767897;0.715748;0.502817;0.153254;0.603506;0.745149;0.456532;0.99729;0.006471;0.302104;0.226956;0.168509;0.146336;0.987801;0.443602;0.197265;0.797873;0.097822;0.414876;0.926314;0.541585;0.474859;0.920095;0.635544;0.835223;0.617185;0.475114;0.411891;0.967967;0.802898;0.257209;0.59078;0.147078;0.255279;0.193657;0.328595;0.188547;0.860784;0.143137;0.147962;0.942899;0.249261;0.013602;0.941257;0.887593;0.342699;0.73289;0.323527;0.20796;0.574822;0.192451;0.174159;0.812138;0.694988;0.806575;0.440648;0.766837;0.914064;0.030351;0.808397;0.126734;0.039753;0.439625;0.51844;0.526486;0.525805;0.297228;0.25367;0.360577;0.720049;0.10822;0.144994;0.877262;0.176091;0.523573;0.551948;0.514622;0.255614;0.300588;0.160716;0.788576;0.630062;0.189907;0.17821;0.093118;0.425398
0.791188;0.917396;0.564487;0.893497;0.612294;0.560872;0.168301;0.12616;0.896542;0.422314;0.775053;0.70555;0.585418;0.119359;0.744339;0.771687;0.424857;0.826615;0.425628;0.930708;0.067515;0.814879;0.763247;0.203521;0.430758;0.838653;0.978926;0.664589;0.804142;0.291967;0.464325;0.148104;0.25679;0.476566;0.850234;0.523759;0.047425;0.817231;0.36603;0.007965;0.381463;0.546755;0.195879;0.874598;0.746809;0.992946;0.581593;0.092955;0.291551;0.530622;0.988634;0.543223;0.833327;0.765703;0.584665;0.478426;0.652377;0.923507;0.664298;0.577412;0.87357;0.634105;0.251802;0.669999;0.574836;0.929991;0.443067;0.528686;0.066103;0.942305;0.570984;0.57526;0.202086;0.092299;0.190913;0.984215;0.963896;0.789955;0.699719;0.086535;0.142901;0.857025;0.730813;0.571283;0.359507;0.382427;0.842109;0.236722;0.159393;0.094164;0.904812;0.135953;0.902818;0.968251;0.26725;0.067303;0.669054;0.973907;0.605422;0.902862
0.999026;0.65281;0.694577;0.611582;0.807858;0.80434;0.394904;0.112087;0.663654;0.334799;0.577805;0.054017;0.081226;0.419254;0.551899;0.748452;0.347652;0.38461;0.316706;0.554107;0.825512;0.666997;0.295246;0.64443;0.872137;0.914898;0.493961;0.558328;0.197235;0.732873;0.380107;0.729858;0.64187;0.582474;0.879021;0.863873;0.696141;0.795004;0.442312;0.020983;0.541345;0.116676;0.301596;0.743672;0.952015;0.057171;0.783074;0.191168;0.338668;0.602678;0.015819;0.408202;0.560968;0.066367;0.021261;0.944003;0.942244;0.394389;0.434267;0.14788;0.432395;0.447004;0.165542;0.198821;0.192951;0.44662;0.724486;0.84864;0.185473;0.885538;0.954056;0.935168;0.368904;0.179758;0.324577;0.689099;0.560336;0.01728;0.872101;0.028426;0.350352;0.501876;0.077714;0.193465;0.049299;0.666113;0.26462;0.046557;0.035178;0.532504;0.132286;0.334103;0.964742;0.574794;0.060764;0.89735;0.776428;0.843427;0.522044;0.036677
0.165422;0.932426;0.959287;0.70177;0.320692;0.708021;0.172369;0.476147;0.528281;0.959015;0.211709;0.647964;0.095626;0.675215;0.915771;0.898401;0.380482;0.00835;0.842571;0.176984;0.946245;0.77942;0.260038;0.262328;0.273218;0.450435;0.712035;0.480538;0.331013;0.94922;0.741187;0.618353;0.855153;0.206696;0.884332;0.116339;0.917852;0.377471;0.013083;0.447324;0.730355;0.903478;0.780273;0.956095;0.763359;0.732266;0.086064;0.610707;0.061253;0.875565;0.733371;0.354034;0.635574;0.309881;0.131506;0.417083;0.673359;0.983412;0.034384;0.344523;0.138817;0.526788;0.6313;0.862379;0.561784;0.301173;0.013733;0.289603;0.428859;0.839946;0.352274;0.640851;0.033253;0.454737;0.443459;0.983905;0.185764;0.491169;0.740569;0.352369;0.107307;0.594891;0.370419;0.60635;0.215126;0.819883;0.607991;0.951821;0.493807;0.483485;0.423738;0.268226;0.698174;0.247607;0.9212;0.400992;0.083692;0.370042;0.672826;0.945039
0.570726;0.858866;0.326372;0.533926;0.718994;0.322839;0.388595;0.372682;0.025709;0.75148;0.646466;0.250909;0.827828;0.958649;0.568437;0.045876;0.944683;0.745499;0.815659;0.982741;0.337553;0.229279;0.722538;0.387401;0.887441;0.040006;0.106919;0.614182;0.372951;0.91143;0.775087;0.236363;0.018283;0.309349;0.518916;0.563081;0.790659;0.434498;0.175222;0.844726;0.524696;0.02433;0.762421;0.855821;0.191251;0.895954;0.88088;0.447095;0.543166;0.020648;0.463551;0.778828;0.963943;0.921332;0.669654;0.024842;0.641435;0.727007;0.004818;0.264182;0.468209;0.56238;0.524215;0.132826;0.239176;0.974014;0.545485;0.01113;0.063433;0.513175;0.341729;0.095008;0.419233;0.221538;0.870114;0.414052;0.655415;0.739691;0.29519;0.209318;0.088754;0.213409;0.840203;0.124416;0.3993;0.885986;0.478835;0.843446;0.02802;0.02386;0.154804;0.377858;0.921981;0.403241;0.143817;0.567789;0.535191;0.535184;0.831412;0.616182
0.027372;0.993294;0.099933;0.5186;0.252494;0.370518;0.856718;0.163824;0.160235;0.175423;0.8524;0.247263;0.494892;0.529782;0.952078;0.670759;0.101653;0.293581;0.043565;0.697046;0.897228;0.164977;0.376751;0.346649;0.406817;0.15115;0.990436;0.47577;0.091575;0.243565;0.175317;0.916039;0.249776;0.279239;0.712221;0.584813;0.779689;0.770952;0.103073;0.130073;0.459743;0.286124;0.765722;0.319363;0.28617;0.778099;0.318608;0.770201;0.799174;0.382737;0.415751;0.523334;0.440418;0.199229;0.272489;0.876384;0.42403;0.568948;0.904015;0.521026;0.896076;0.104413;0.693381;0.195213;0.003029;0.055308;0.677553;0.745006;0.46523;0.947779;0.196177;0.574163;0.118437;0.817739;0.967298;0.193786;0.064218;0.92835;0.656443;0.29861;0.683369;0.683521;0.33312;0.695601;0.929614;0.694678;0.852238;0.936178;0.297845;0.649509;0.293597;0.149275;0.632593;0.222242;0.775369;0.043976;0.480734;0.424781;0.326446;0.250644
0.788572;0.810342;0.078713;0.3929;0.504281;0.033282;0.962086;0.24817;0.588958;0.242527;0.550271;0.130596;0.145149;0.652083;0.024015;0.657238;0.269155;0.630607;0.863132;0.895697;0.802583;0.418105;0.417082;0.107899;0.452457;0.143241;0.806643;0.965606;0.379202;0.066933;0.098927;0.89397;0.355856;0.320021;0.082842;0.957047;0.340989;0.915036;0.537006;0.887247;0.873294;0.032804;0.661032;0.166775;0.521715;0.852916;0.49105;0.540667;0.984186;0.395673;0.266155;0.085151;0.810011;0.924208;0.650657;0.990745;0.426986;0.440815;0.60006;0.912802;0.088534;0.024055;0.690658;0.301808;0.429579;0.146191;0.876073;0.743086;0.29923;0.803775;0.085093;0.913484;0.409381;0.974811;0.913855;0.681348;0.724397;0.963102;0.218638;0.23232;0.884049;0.11585;0.087643;0.485667;0.733733;0.3127;0.093013;0.135015;0.670014;0.104415;0.283337;0.60163;0.548398;0.373451;0.519321;0.89457;0.344906;0.481656;0.063789;0.033512
0.60396;0.870414;0.256618;0.170421;0.988332;0.203143;0.663071;0.57741;0.336519;0.286315;0.33601;0.446043;0.671828;0.877995;0.31556;0.538849;0.928691;0.242615;0.230251;0.092617;0.320869;0.920645;0.449639;0.436657;0.318524;0.062384;0.069433;0.273779;0.131869;0.804655;0.580466;0.858409;0.675129;0.339008;0.419327;0.883632;0.099603;0.129545;0.694435;0.953482;0.902484;0.190103;0.478649;0.182533;0.413065;0.314615;0.695961;0.297401;0.797917;0.450616;0.163069;0.74446;0.676124;0.277488;0.463205;0.681193;0.747488;0.063328;0.498819;0.980444;0.605362;0.24358;0.587661;0.376394;0.31401;0.148752;0.472346;0.244764;0.84462;0.105972;0.768262;0.543343;0.002254;0.713228;0.830427;0.897743;0.788896;0.233296;0.017277;0.085832;0.071578;0.081346;0.902024;0.732375;0.256223;0.260989;0.161959;0.616264;0.197223;0.192401;0.27267;0.975635;0.67307;0.665811;0.498529;0.898743;0.786938;0.644283;0.845484;0.807557
0.832624;0.968282;0.682043;0.250813;0.801447;0.968525;0.464612;0.249916;0.784573;0.765187;0.929483;0.362416;0.556137;0.298937;0.06078;0.086608;0.564739;0.722895;0.024226;0.689306;0.373102;0.114332;0.223231;0.851585;0.273774;0.642923;0.135617;0.911974;0.549473;0.022523;0.873519;0.542549;0.603953;0.117014;0.644761;0.09904;0.107127;0.594133;0.949544;0.184364;0.96682;0.096902;0.915193;0.269881;0.801799;0.755747;0.270015;0.635456;0.100556;0.612936;0.79972;0.047836;0.988319;0.988002;0.027547;0.468178;0.88126;0.786603;0.188373;0.262486;0.372689;0.416971;0.154084;0.451082;0.505771;0.677081;0.350756;0.134831;0.323122;0.884162;0.262817;0.325641;0.740651;0.7971;0.722655;0.460451;0.251285;0.060521;0.8452;0.843222;0.51391;0.050364;0.139616;0.303869;0.981581;0.873262;0.857726;0.312245;0.932859;0.52826;0.034354;0.665273;0.694406;0.790155;0.67138;0.623451;0.116101;0.870905;0.324587;0.986175
0.961467;0.371831;0.637765;0.174276;0.792646;0.758378;0.002518;0.442634;0.317188;0.802895;0.945659;0.717545;0.957728;0.960034;0.405436;0.361774;0.41981;0.043135;0.349182;0.036949;0.66121;0.80157;0.359933;0.374346;0.629639;0.354873;0.298435;0.870747;0.351917;0.954292;0.133887;0.933538;0.966811;0.139184;0.936485;0.124038;0.759389;0.757222;0.541449;0.460812;0.00622;0.205489;0.599225;0.493032;0.690249;0.292727;0.277528;0.407715;0.858457;0.751587;0.726219;0.230062;0.242174;0.314123;0.449401;0.215752;0.465941;0.439326;0.347467;0.558145;0.296854;0.978725;0.007779;0.481911;0.247806;0.393571;0.812713;0.136555;0.285439;0.650451;0.177701;0.691922;0.023219;0.839514;0.744126;0.530339;0.528957;0.747108;0.526783;0.608662;0.949636;0.245937;0.582173;0.933576;0.610961;0.893179;0.459556;0.403726;0.671002;0.96503;0.802686;0.50889;0.557473;0.037641;0.554894;0.846248;0.225295;0.19359;0.684877;0.907234
0.147834;0.159247;0.461991;0.397212;0.685738;0.603179;0.342543;0.690542;0.671229;0.439936;0.450563;0.348623;0.447228;0.217571;0.873921;0.216352;0.892584;0.330044;0.569809;0.101693;0.990367;0.939791;0.133447;0.304129;0.243457;0.530885;0.863587;0.859396;0.968872;0.954252;0.641493;0.638285;0.013316;0.278933;0.783217;0.126715;0.057892;0.643964;0.231038;0.330764;0.96336;0.800101;0.230117;0.729333;0.461529;0.002906;0.623166;0.929865;0.11189;0.022044;0.784626;0.786065;0.511013;0.917225;0.878516;0.299904;0.890652;0.672514;0.30575;0.60974;0.356051;0.48953;0.773148;0.273036;0.91894;0.913824;0.445571;0.839917;0.03102;0.421184;0.676417;0.592227;0.705265;0.932393;0.53267;0.468465;0.221802;0.32509;0.306247;0.563457;0.051052;0.920894;0.911127;0.570829;0.409893;0.822777;0.632959;0.193228;0.05778;0.242224;0.342748;0.805952;0.962125;0.924233;0.930123;0.472509;0.484865;0.911902;0.326637;0.914867
0.71112;0.715834;0.94017;0.700034;0.245769;0.758913;0.748271;0.846684;0.023387;0.00205;0.169859;0.251156;0.769314;0.168116;0.273654;0.713406;0.673721;0.629093;0.567605;0.017012;0.788898;0.624028;0.562187;0.90136;0.705164;0.718976;0.210252;0.685344;0.19735;0.553554;0.772122;0.487056;0.902238;0.162246;0.406324;0.850046;0.144896;0.806526;0.360531;0.067053;0.157605;0.558205;0.493751;0.060784;0.285433;0.338067;0.100527;0.933264;0.352284;0.619787;0.025918;0.996106;0.721904;0.708401;0.772957;0.164282;0.335134;0.253716;0.46525;0.470656;0.582112;0.617608;0.617208;0.881156;0.53961;0.801239;0.471472;0.685602;0.560677;0.098079;0.961017;0.298066;0.112405;0.856079;0.885381;0.677877;0.678112;0.009722;0.660288;0.70629;0.555248;0.919803;0.557544;0.709199;0.235158;0.106764;0.363975;0.20025;0.163655;0.679988;0.071361;0.775842;0.925377;0.681211;0.942089;0.827598;0.264076;0.414472;0.034801;0.298491
0.724052;0.635269;0.017516;0.720022;0.854757;0.036818;0.047643;0.442191;0.455563;0.348509;0.708495;0.248232;0.62924;0.945774;0.989039;0.995198;0.627203;0.903061;0.492321;0.819726;0.964855;0.870383;0.371816;0.131841;0.387086;0.65507;0.533792;0.542604;0.214311;0.417729;0.301494;0.997847;0.324183;0.398792;0.095496;0.089482;0.85556;0.07951;0.755441;0.837793;0.355492;0.216747;0.419892;0.874978;0.967184;0.299392;0.148501;0.944005;0.751548;0.917625;0.129926;0.932103;0.478682;0.693238;0.141652;0.994886;0.2711;0.899923;0.509691;0.626761;0.840316;0.590576;0.871465;0.083679;0.796429;0.43724;0.538782;0.964125;0.310632;0.010039;0.553439;0.062751;0.37899;0.001245;0.219973;0.706664;0.977081;0.972161;0.746586;0.781024;0.00784;0.988691;0.848958;0.478475;0.485059;0.466383;0.539505;0.896215;0.342718;0.51962;0.552886;0.173568;0.844589;0.703612;0.59721;0.832497;0.287683;0.565944;0.769825;0.268051
0.178487;0.246937;0.012974;0.115724;0.69326;0.678438;0.675645;0.937511;0.747332;0.94268;0.681068;0.318777;0.83858;0.423619;0.952148;0.364464;0.342195;0.044066;0.579093;0.170946;0.732731;0.051251;0.51272;0.848661;0.710657;0.350865;0.720926;0.721574;0.693176;0.529894;0.406005;0.032236;0.049539;0.019728;0.782642;0.265255;0.301022;0.090977;0.552968;0.627504;0.454082;0.030066;0.943422;0.385471;0.037056;0.063121;0.051715;0.160771;0.869524;0.040318;0.522035;0.14252;0.170896;0.888678;0.937439;0.792646;0.848592;0.600375;0.598693;0.284786;0.824234;0.180672;0.896626;0.42674;0.39151;0.991215;0.965682;0.79636;0.284643;0.891287;0.752889;0.52518;0.061836;0.744392;0.56883;0.107362;0.641449;0.147746;0.975414;0.78642;0.423329;0.563273;0.464333;0.07004;0.279808;0.246728;0.494332;0.636991;0.949772;0.443176;0.750441;0.756324;0.706369;0.292725;0.087172;0.897519;0.715379;0.585139;0.109249;0.439467
0.350599;0.471735;0.495696;0.422046;0.741745;0.332813;0.706953;0.77501;0.784446;0.26858;0.017599;0.779599;0.089361;0.302367;0.983236;0.207107;0.877847;0.6672;0.692566;0.651395;0.263714;0.880603;0.579695;0.330582;0.836865;0.950948;0.027286;0.037489;0.200114;0.84491;0.545026;0.943531;0.303169;0.549011;0.054754;0.943246;0.2812;0.981353;0.918018;0.993156;0.836347;0.408752;0.341641;0.206036;0.535766;0.346385;0.507474;0.218118;0.969909;0.861029;0.065121;0.735729;0.95796;0.921962;0.712248;0.439015;0.297661;0.785796;0.897151;0.391033;0.115534;0.517606;0.964009;0.712552;0.489447;0.020172;0.463723;0.02894;0.96171;0.598121;0.435771;0.160927;0.940863;0.995195;0.953369;0.005404;0.410014;0.651032;0.804214;0.426135;0.751315;0.44387;0.347479;0.183063;0.007074;0.694839;0.001814;0.159943;0.507791;0.412474;0.890049;0.744063;0.463158;0.165732;0.010534;0.764178;0.034693;0.890626;0.085759;0.361649
0.557129;0.513676;0.657547;0.961908;0.768128;0.509774;0.374109;0.139898;0.452008;0.347818;0.950899;0.372342;0.833214;0.190956;0.400808;0.782462;0.305383;0.026743;0.222458;0.364645;0.013063;0.508322;0.951733;0.289175;0.090399;0.626399;0.643646;0.180759;0.452236;0.81157;0.430635;0.857533;0.270117;0.046542;0.51634;0.762199;0.5276;0.434285;0.656452;0.330079;0.84554;0.995263;0.984088;0.468597;0.317625;0.672003;0.555087;0.854372;0.572685;0.393318;0.798103;0.924966;0.265473;0.085373;0.431929;0.601662;0.033426;0.766887;0.005471;0.577785;0.494145;0.810792;0.192475;0.663026;0.872176;0.400959;0.775093;0.900873;0.409774;0.045454;0.433335;0.464362;0.169718;0.71587;0.338015;0.518469;0.109245;0.548585;0.623795;0.493916;0.443947;0.116565;0.175485;0.494145;0.422648;0.161766;0.448246;0.79382;0.421042;0.178438;0.749322;0.685757;0.311913;0.823692;0.43583;0.25204;0.754348;0.043558;0.909512;0.03696
0.400326;0.26263;0.687335;0.356738;0.675353;0.506536;0.458561;0.049778;0.402964;0.446531;0.928246;0.280373;0.373138;0.73927;0.761922;0.562414;0.475617;0.216787;0.715622;0.335771;0.510451;0.791462;0.164334;0.867807;0.397063;0.309565;0.550227;0.670496;0.119341;0.21464;0.19787;0.105152;0.367726;0.561287;0.656044;0.528059;0.38985;0.528064;0.369603;0.6888;0.560296;0.990769;0.046551;0.098593;0.763312;0.821503;0.061319;0.193038;0.223057;0.852499;0.472525;0.171979;0.446904;0.921217;0.198695;0.89412;0.855785;0.683974;0.105758;0.281382;0.90972;0.850193;0.830496;0.078806;0.784619;0.957083;0.805655;0.005959;0.394447;0.150359;0.608724;0.80311;0.694991;0.161083;0.549143;0.638498;0.587059;0.87172;0.687829;0.757434;0.384659;0.506995;0.645749;0.542153;0.575988;0.593302;0.533401;0.946002;0.708296;0.426288;0.80319;0.040142;0.589353;0.307987;0.155658;0.326001;0.420854;0.351159;0.670545;0.587758
0.271321;0.421546;0.877221;0.763737;0.408778;0.532479;0.008371;0.476191;0.593321;0.358887;0.765071;0.212656;0.401227;0.998272;0.51559;0.711811;0.000184;0.982918;0.117031;0.834786;0.018505;0.507726;0.595641;0.430584;0.490148;0.003957;0.462865;0.777293;0.831195;0.350714;0.948953;0.745601;0.686956;0.419171;0.605628;0.021498;0.385685;0.800036;0.675666;0.641935;0.562747;0.347876;0.662136;0.379241;0.503527;0.162838;0.721907;0.336583;0.467781;0.572716;0.211834;0.639258;0.496918;0.42821;0.678852;0.88175;0.714843;0.149618;0.315716;0.352955;0.305101;0.181262;0.956346;0.296201;0.261603;0.442203;0.408135;0.088419;0.383471;0.63985;0.366224;0.336752;0.281359;0.130581;0.56602;0.776927;0.300795;0.283023;0.392648;0.636511;0.216104;0.177892;0.57499;0.615797;0.547997;0.147097;0.326217;0.964441;0.99679;0.529235;0.028929;0.518307;0.397359;0.231663;0.945302;0.174209;0.222983;0.552939;0.889613;0.31093
0.213789;0.240956;0.638114;0.946546;0.164675;0.137002;0.75935;0.931611;0.043254;0.257532;0.595196;0.47702;0.481163;0.032813;0.61517;0.865571;0.525357;0.689337;0.807936;0.304233;0.001077;0.869503;0.059207;0.249119;0.748151;0.627572;0.211522;0.520706;0.163724;0.203892;0.120172;0.955845;0.640555;0.26812;0.592896;0.395259;0.140188;0.78231;0.634915;0.530757;0.038968;0.583404;0.376012;0.950104;0.275882;0.389894;0.42494;0.004404;0.709687;0.079785;0.151189;0.679641;0.512503;0.949812;0.297848;0.865303;0.268794;0.261353;0.764339;0.293144;0.362226;0.966644;0.192509;0.559519;0.268341;0.349108;0.506585;0.675891;0.820386;0.425004;0.206979;0.326876;0.146258;0.982533;0.440251;0.373814;0.686082;0.497747;0.478003;0.518936;0.381381;0.230551;0.258418;0.972363;0.335479;0.492621;0.943786;0.076994;0.423736;0.080957;0.848547;0.978099;0.815627;0.261445;0.137751;0.124957;0.026831;0.555551;0.225839;0.744663
0.585796;0.940282;0.941563;0.64432;0.974083;0.900189;0.733657;0.309645;0.526847;0.065731;0.418389;0.851807;0.494156;0.117017;0.740763;0.176495;0.323731;0.924767;0.788191;0.961707;0.358416;0.739262;0.356984;0.632687;0.232767;0.135722;0.962569;0.566198;0.736551;0.054545;0.164695;0.671585;0.922966;0.834042;0.105022;0.603325;0.50361;0.221884;0.253011;0.413012;0.889898;0.654902;0.723998;0.704246;0.072536;0.92407;0.568901;0.608529;0.867414;0.50978;0.060114;0.618888;0.908591;0.843233;0.992159;0.122094;0.723976;0.044379;0.903315;0.710112;0.158697;0.131441;0.532232;0.810012;0.724853;0.853754;0.580357;0.82194;0.985489;0.166244;0.06229;0.758682;0.979668;0.769599;0.763186;0.142647;0.235254;0.585792;0.763603;0.659204;0.028482;0.200031;0.237701;0.333956;0.801479;0.1518;0.859468;0.448063;0.446801;0.951958;0.492923;0.096691;0.717895;0.045616;0.348037;0.07086;0.345742;0.43644;0.799008;0.036664
0.922733;0.016647;0.781102;0.620816;0.891197;0.276428;0.729848;0.510091;0.749554;0.680237;0.861445;0.833325;0.844023;0.361584;0.203099;0.820287;0.338043;0.67422;0.729951;0.25873;0.636027;0.183083;0.776324;0.686308;0.94014;0.958652;0.116185;0.929246;0.347137;0.895381;0.695158;0.783372;0.262591;0.811419;0.152057;0.668355;0.066778;0.971579;0.947524;0.103265;0.438017;0.67828;0.871051;0.76932;0.132353;0.97236;0.915;0.129557;0.565088;0.741095;0.834779;0.422801;0.73027;0.775719;0.231216;0.912867;0.683791;0.564919;0.345042;0.989104;0.729709;0.358656;0.478839;0.812826;0.87097;0.328785;0.719059;0.941199;0.10148;0.529547;0.350134;0.375314;0.760006;0.300435;0.525868;0.153778;0.832907;0.37467;0.689358;0.335634;0.164618;0.013309;0.55749;0.598531;0.197254;0.721714;0.953313;0.804072;0.0406;0.141295;0.566117;0.022745;0.999902;0.331132;0.012456;0.102063;0.815034;0.737665;0.653924;0.689798
0.676564;0.897176;0.771773;0.569451;0.83248;0.724951;0.663118;0.590486;0.500824;0.54543;0.756621;0.346146;0.684066;0.300909;0.319569;0.249131;0.377987;0.19769;0.24229;0.539132;0.737847;0.68426;0.707196;0.929165;0.439552;0.633833;0.622717;0.847409;0.480123;0.523671;0.562522;0.456432;0.284405;0.293823;0.006301;0.740238;0.867616;0.030218;0.973955;0.215716;0.763666;0.104124;0.745896;0.965677;0.576811;0.923349;0.365023;0.678914;0.574976;0.471959;0.618129;0.698761;0.540907;0.23524;0.981186;0.424278;0.330315;0.330789;0.645104;0.630312;0.791837;0.918396;0.259225;0.267273;0.681986;0.769312;0.511992;0.50546;0.162792;0.046884;0.853705;0.650028;0.03882;0.04153;0.293581;0.979961;0.920429;0.356796;0.086313;0.706487;0.696655;0.721968;0.806753;0.79537;0.24772;0.242944;0.062595;0.78678;0.880906;0.672104;0.617612;0.937802;0.306613;0.302349;0.932475;0.255829;0.390025;0.984379;0.907645;0.739101
0.216695;0.278067;0.843003;0.191435;0.217404;0.495982;0.945655;0.312008;0.013498;0.860351;0.253509;0.401673;0.695868;0.100336;0.746804;0.099103;0.943622;0.887253;0.901376;0.383994;0.152687;0.136499;0.435363;0.759464;0.89413;0.413468;0.523516;0.901184;0.66319;0.475475;0.225025;0.904355;0.97113;0.495322;0.094334;0.351265;0.937574;0.705441;0.414615;0.442611;0.829083;0.610789;0.270483;0.767165;0.97183;0.832279;0.370537;0.556861;0.740264;0.674918;0.192448;0.868066;0.364745;0.896312;0.634912;0.476425;0.964832;0.075203;0.324619;0.550631;0.980129;0.970483;0.523311;0.970711;0.368487;0.116237;0.361883;0.077709;0.317145;0.93695;0.572041;0.132189;0.625517;0.365067;0.478503;0.512176;0.779349;0.381671;0.21454;0.948696;0.623074;0.070775;0.884023;0.371512;0.82225;0.725372;0.666019;0.574311;0.033525;0.411465;0.353372;0.528864;0.920767;0.415724;0.600793;0.160286;0.356864;0.303198;0.507872;0.842211
0.892894;0.833847;0.937141;0.605774;0.156899;0.694367;0.603533;0.121987;0.805519;0.580075;0.836802;0.316182;0.567352;0.007418;0.426269;0.747546;0.282856;0.996999;0.923304;0.848236;0.41578;0.623297;0.076462;0.111895;0.666802;0.1105;0.184216;0.899975;0.091127;0.026086;0.382026;0.040262;0.021036;0.30738;0.564129;0.075463;0.725565;0.385407;0.923725;0.272654;0.112209;0.659414;0.645685;0.008161;0.64725;0.71712;0.147202;0.715174;0.021622;0.915805;0.073089;0.27986;0.013499;0.17794;0.888909;0.577862;0.713671;0.822718;0.763675;0.395865;0.451485;0.637361;0.087147;0.627291;0.77661;0.220702;0.743567;0.903569;0.283851;0.170115;0.457351;0.144409;0.859606;0.263897;0.106216;0.588057;0.656343;0.570632;0.263039;0.350409;0.23834;0.182358;0.577965;0.322021;0.995975;0.483643;0.796001;0.006722;0.628222;0.774477;0.785326;0.49728;0.424445;0.210654;0.212206;0.674987;0.541595;0.320255;0.171591;0.364045
0.663847;0.186685;0.044398;0.54705;0.622797;0.211968;0.663394;0.110305;0.407955;0.749613;0.092974;0.550319;0.588846;0.62483;0.779063;0.366191;0.284209;0.62653;0.792428;0.965768;0.419008;0.842325;0.624007;0.673825;0.265591;0.570425;0.559029;0.179172;0.151796;0.212344;0.41635;0.942106;0.819931;0.04195;0.864833;0.117965;0.33893;0.000953;0.205736;0.735511;0.469925;0.435676;0.343798;0.002416;0.61673;0.880612;0.607515;0.137133;0.090176;0.143247;0.569147;0.112979;0.590274;0.382225;0.71342;0.570845;0.601895;0.89491;0.21425;0.631646;0.776783;0.232201;0.171085;0.030744;0.783401;0.474537;0.710795;0.334797;0.065827;0.729303;0.228071;0.306688;0.192644;0.980956;0.051297;0.557261;0.06316;0.997684;0.471462;0.029671;0.873988;0.229176;0.802756;0.281777;0.123927;0.152799;0.475421;0.686603;0.442616;0.266734;0.717404;0.105254;0.365715;0.456214;0.794161;0.119967;0.442991;0.94148;0.293507;0.514106
0.521619;0.127693;0.000673;0.551618;0.634242;0.38688;0.848473;0.717958;0.593567;0.224481;0.302323;0.664493;0.345322;0.171433;0.039505;0.039699;0.362109;0.630439;0.531043;0.917053;0.629824;0.998882;0.101005;0.716559;0.018166;0.940027;0.755679;0.617494;0.171695;0.642413;0.916136;0.764375;0.104906;0.416177;0.464694;0.111992;0.740174;0.006286;0.257961;0.582607;0.326652;0.449887;0.908741;0.158048;0.821353;0.372354;0.646407;0.366378;0.043182;0.68951;0.300531;0.843947;0.507323;0.321072;0.50726;0.121602;0.451916;0.607697;0.817264;0.449659;0.970206;0.064566;0.690947;0.81324;0.197275;0.74604;0.678709;0.860111;0.483992;0.136097;0.388871;0.604837;0.319904;0.314454;0.335046;0.037691;0.982003;0.710523;0.052602;0.866776;0.738305;0.437591;0.990678;0.161065;0.834796;0.912391;0.440166;0.535593;0.5512;0.388551;0.021952;0.8032;0.482345;0.386899;0.468605;0.582085;0.196956;0.007228;0.512521;0.764036
0.927402;0.036905;0.455503;0.174952;0.611915;0.649357;0.263448;0.460637;0.96099;0.062212;0.550797;0.815262;0.23889;0.707734;0.151674;0.218587;0.259573;0.032644;0.733127;0.828713;0.998266;0.405681;0.781738;0.372978;0.774849;0.223497;0.43339;0.212557;0.00115;0.608534;0.76514;0.812428;0.803291;0.648921;0.225827;0.943926;0.979012;0.717202;0.806936;0.21632;0.121009;0.686436;0.695093;0.840205;0.010673;0.134794;0.811699;0.787023;0.692184;0.039309;0.185309;0.599106;0.372862;0.287569;0.570111;0.238092;0.144737;0.527919;0.661618;0.432248;0.124238;0.259695;0.929782;0.896703;0.437078;0.238184;0.666326;0.621599;0.714008;0.507713;0.093243;0.732564;0.094712;0.080986;0.662008;0.670175;0.386085;0.081684;0.924813;0.885987;0.881807;0.752604;0.70281;0.808696;0.399155;0.840174;0.085422;0.604386;0.104964;0.153594;0.791354;0.73663;0.569464;0.385869;0.119853;0.11039;0.336673;0.397619;0.605823;0.428213
0.776962;0.825306;0.360855;0.652291;0.667547;0.077276;0.866801;0.816281;0.470056;0.753584;0.926059;0.251225;0.819539;0.074833;0.799674;0.460454;0.687877;0.279836;0.120317;0.517109;0.165216;0.642655;0.976616;0.826543;0.277569;0.438985;0.477077;0.783264;0.118248;0.73718;0.059032;0.335209;0.943171;0.176354;0.857754;0.169531;0.357019;0.138091;0.014005;0.221484;0.126625;0.182636;0.764783;0.232378;0.910894;0.930804;0.882499;0.491354;0.807202;0.046991;0.497001;0.879621;0.191415;0.76216;0.843214;0.764607;0.46009;0.606607;0.915124;0.177811;0.784515;0.702993;0.741902;0.27122;0.090782;0.180868;0.629182;0.433765;0.173527;0.634487;0.933408;0.295398;0.960026;0.163322;0.170527;0.051056;0.7133;0.433156;0.271174;0.152993;0.226916;0.870737;0.525687;0.151163;0.761301;0.355676;0.567541;0.068019;0.86121;0.807306;0.378021;0.072904;0.662977;0.802371;0.091379;0.207109;0.665893;0.462346;0.399825;0.592502
