0.710771;0.044398;0.518228;0.767268;0.30531;0.042555;0.08043;0.197855;0.410612;0.862102;0.82922;0.079323;0.959648;0.993912;0.866707;0.137208;0.375234;0.024829;0.956798;0.736998;0.433728;0.458835;0.691147;0.327408;0.538505;0.508669;0.678237;0.255729;0.145981;0.112559;0.197687;0.564024;0.840696;0.398414;0.355975;0.563923;0.781961;0.527228;0.902847;0.212557;0.85628;0.647619;0.569991;0.556019;0.526859;0.747117;0.004887;0.572916;0.748773;0.253828;0.881885;0.970138;0.258125;0.876967;0.107852;0.347224;0.184663;0.402414;0.018143;0.881401;0.795712;0.7851;0.056942;0.540897;0.8863;0.412944;0.623333;0.807816;0.715655;0.419248;0.511873;0.553923;0.23719;0.067197;0.859006;0.753675;0.260844;0.811504;0.083486;0.592758;0.958863;0.389745;0.08906;0.263139;0.27577;0.900084;0.095932;0.005422;0.454916;0.265123;0.097684;0.462698;0.232664;0.110814;0.850628;0.351871;0.075906;0.092364;0.301159;0.181407
0.018649;0.793882;0.951133;0.519048;0.031464;0.679724;0.573008;0.753354;0.475721;0.123945;0.627702;0.603826;0.547717;0.765902;0.607389;0.425425;0.324874;0.735034;0.860949;0.562629;0.223848;0.474705;0.270211;0.678521;0.070628;0.097131;0.079474;0.41757;0.086016;0.880105;0.246234;0.106372;0.548621;0.754059;0.723638;0.70734;0.288602;0.522297;0.932977;0.576094;0.077398;0.734552;0.208288;0.04226;0.763961;0.12147;0.693067;0.653538;0.662139;0.200811;0.742996;0.364047;0.561354;0.82404;0.749575;0.96887;0.287044;0.380667;0.999486;0.950053;0.902303;0.348942;0.138955;0.010424;0.91831;0.970511;0.118074;0.777385;0.522779;0.336343;0.803207;0.433125;0.731483;0.284098;0.734356;0.801486;0.256237;0.808225;0.375641;0.555232;0.806333;0.39696;0.300937;0.690634;0.984372;0.894356;0.558138;0.627216;0.913904;0.023506;0.674119;0.064573;0.226367;0.100338;0.912998;0.951237;0.954648;0.284935;0.505877;0.954808
0.814349;0.418566;0.711761;0.533736;0.079043;0.288944;0.51305;0.370646;0.778566;0.489418;0.831688;0.779825;0.20827;0.454312;0.487782;0.542266;0.401913;0.761504;0.307362;0.627789;0.49472;0.000247;0.505515;0.213859;0.655117;0.078408;0.77016;0.196583;0.546832;0.692661;0.492145;0.235302;0.9581;0.387763;0.00074;0.159033;0.378045;0.279294;0.123322;0.617101;0.420227;0.226217;0.200918;0.139941;0.432795;0.027614;0.426633;0.498668;0.287587;0.025882;0.584435;0.917993;0.808659;0.613873;0.818052;0.284463;0.755578;0.679736;0.319299;0.415765;0.967362;0.462048;0.829005;0.366778;0.883636;0.456249;0.948143;0.297293;0.364507;0.138035;0.419542;0.001005;0.960986;0.714157;0.480024;0.344464;0.5614;0.971954;0.130039;0.041246;0.975011;0.223535;0.785127;0.373913;0.064574;0.318978;0.622556;0.317724;0.326023;0.851936;0.252127;0.837112;0.534868;0.596124;0.428888;0.369989;0.491403;0.105287;0.353073;0.66591
0.667679;0.826886;0.597852;0.768901;0.999759;0.423128;0.450595;0.104491;0.995405;0.485064;0.363369;0.026514;0.326777;0.707514;0.925487;0.90215;0.772327;0.642727;0.559632;0.149087;0.306659;0.19439;0.502524;0.164127;0.13382;0.214762;0.891152;0.525311;0.130817;0.278208;0.2757;0.128178;0.723669;0.630971;0.82905;0.604732;0.923671;0.228884;0.697404;0.712395;0.786855;0.925236;0.091197;0.506917;0.784589;0.322777;0.568514;0.668803;0.358444;0.636282;0.99247;0.510998;0.422494;0.051745;0.496509;0.618588;0.999178;0.655719;0.241359;0.930917;0.990225;0.419684;0.917109;0.559297;0.112913;0.306014;0.499165;0.147789;0.01494;0.949469;0.629918;0.353973;0.283219;0.900767;0.99118;0.412139;0.992996;0.898961;0.920724;0.866675;0.956659;0.541794;0.452449;0.087389;0.846835;0.011979;0.24716;0.010869;0.503973;0.611901;0.538106;0.353379;0.041038;0.902901;0.598212;0.624489;0.067099;0.018109;0.639337;0.884338
0.138855;0.405146;0.22722;0.746456;0.958588;0.068853;0.049342;0.716437;0.608294;0.630001;0.361964;0.115392;0.685816;0.409297;0.955948;0.350948;0.474326;0.399326;0.605366;0.634891;0.972982;0.755258;0.430875;0.089705;0.744061;0.948491;0.561927;0.677249;0.934597;0.886724;0.63664;0.075847;0.514412;0.542445;0.788811;0.846778;0.160793;0.577713;0.396253;0.929691;0.232688;0.76206;0.990249;0.296675;0.13916;0.789183;0.474476;0.950425;0.928057;0.231078;0.740622;0.604197;0.711712;0.17423;0.552872;0.559968;0.502839;0.875006;0.835772;0.426589;0.652538;0.198867;0.867942;0.151284;0.973072;0.675566;0.710005;0.588135;0.922162;0.558047;0.470808;0.825032;0.543938;0.147813;0.635956;0.990155;0.804673;0.19333;0.001357;0.943452;0.98812;0.171548;0.455904;0.575604;0.08385;0.605929;0.180322;0.079131;0.077302;0.565411;0.87253;0.04573;0.266529;0.957198;0.245344;0.037181;0.930925;0.55282;0.296246;0.36358
0.688874;0.982085;0.537375;0.070144;0.222489;0.736301;0.011652;0.269557;0.206435;0.482649;0.352866;0.104917;0.377212;0.051378;0.152833;0.185125;0.78261;0.964143;0.581506;0.806222;0.493401;0.854152;0.938263;0.784104;0.444089;0.201952;0.294279;0.067647;0.045347;0.268557;0.919612;0.296415;0.60403;0.557271;0.02301;0.022604;0.581423;0.651166;0.759362;0.018511;0.277007;0.08572;0.701968;0.405348;0.551788;0.248909;0.074705;0.923184;0.390779;0.320747;0.890131;0.618985;0.037338;0.771866;0.534153;0.150378;0.136809;0.935535;0.898844;0.225365;0.938895;0.546869;0.644851;0.999703;0.451719;0.171425;0.368415;0.940341;0.693328;0.216388;0.528566;0.161856;0.417423;0.163263;0.751338;0.856101;0.139475;0.273795;0.259358;0.202691;0.338978;0.675581;0.976524;0.723745;0.833743;0.955521;0.87897;0.605045;0.925769;0.441455;0.146196;0.791281;0.33697;0.397285;0.199604;0.861284;0.09373;0.18648;0.616415;0.230792
0.844106;0.967901;0.629743;0.84905;0.623319;0.300806;0.906724;0.806731;0.809852;0.01564;0.602404;0.746601;0.529407;0.504031;0.294751;0.920339;0.103757;0.622841;0.836418;0.786467;0.070967;0.767085;0.792474;0.781916;0.063081;0.143794;0.071927;0.968025;0.60191;0.288044;0.607994;0.040643;0.592942;0.569222;0.752474;0.932615;0.455769;0.114396;0.629085;0.484279;0.206287;0.416447;0.422033;0.945782;0.048739;0.131544;0.229085;0.048601;0.581193;0.131734;0.740104;0.862527;0.579407;0.171876;0.405063;0.965848;0.862686;0.749486;0.909563;0.183979;0.201868;0.118495;0.299357;0.44507;0.188166;0.785194;0.609285;0.088251;0.480676;0.739115;0.872524;0.843562;0.770073;0.507234;0.871392;0.221002;0.72256;0.537447;0.158851;0.089008;0.972292;0.424562;0.842972;0.496131;0.601593;0.09911;0.193801;0.139309;0.966101;0.623438;0.085797;0.043021;0.643541;0.333644;0.749749;0.156335;0.137301;0.969973;0.15706;0.165592
0.576221;0.944306;0.473309;0.793535;0.869109;0.122248;0.32093;0.859718;0.746837;0.053851;0.188811;0.065802;0.289148;0.668731;0.641485;0.648457;0.466451;0.607164;0.865306;0.602878;0.809244;0.841557;0.810785;0.282216;0.487655;0.341815;0.25921;0.090902;0.282092;0.427925;0.458739;0.97607;0.151522;0.086281;0.959642;0.040414;0.726298;0.043347;0.655454;0.630973;0.643821;0.189406;0.679132;0.862024;0.937887;0.34163;0.14875;0.571882;0.911148;0.817585;0.934045;0.021053;0.543313;0.273069;0.467997;0.617935;0.807104;0.445985;0.500895;0.433152;0.563937;0.527755;0.554599;0.27231;0.797734;0.973079;0.766074;0.231205;0.35891;0.295028;0.633932;0.36182;0.146928;0.79377;0.576201;0.585482;0.036175;0.701277;0.576108;0.736331;0.784365;0.833052;0.853323;0.622701;0.613429;0.948463;0.138496;0.070841;0.119864;0.352577;0.194847;0.057993;0.649704;0.218583;0.23032;0.939241;0.556499;0.733284;0.003654;0.02665
0.916029;0.681614;0.632376;0.145007;0.458091;0.118142;0.521103;0.672891;0.499664;0.260283;0.600194;0.385054;0.136076;0.526154;0.612874;0.284099;0.242947;0.397788;0.65796;0.725845;0.727073;0.412994;0.823505;0.634917;0.803542;0.032344;0.154497;0.841734;0.765958;0.493306;0.14609;0.925946;0.371391;0.573494;0.404791;0.272822;0.224647;0.095905;0.714011;0.828527;0.880618;0.440886;0.360348;0.631785;0.146442;0.028558;0.917913;0.320761;0.078738;0.524077;0.061637;0.389315;0.848294;0.33036;0.060163;0.183328;0.44708;0.516933;0.674069;0.290126;0.993925;0.149812;0.616404;0.608094;0.203554;0.370637;0.983981;0.561998;0.526981;0.428574;0.116205;0.443422;0.172251;0.263915;0.198357;0.700302;0.534358;0.043046;0.041026;0.315654;0.851023;0.683285;0.603822;0.935362;0.867997;0.197542;0.384731;0.231303;0.911524;0.67093;0.272146;0.984474;0.266776;0.063832;0.859775;0.931814;0.429643;0.574841;0.990132;0.159239
0.778304;0.936848;0.677835;0.84078;0.052706;0.726365;0.469914;0.304439;0.848439;0.897734;0.072866;0.672013;0.230539;0.70681;0.010488;0.960175;0.886487;0.607905;0.706728;0.556878;0.916915;0.098069;0.010329;0.502482;0.393637;0.795093;0.999904;0.388458;0.424771;0.863278;0.325804;0.792335;0.511585;0.504861;0.100378;0.458878;0.104257;0.060932;0.464013;0.754762;0.942738;0.989068;0.931764;0.165281;0.034386;0.860392;0.289889;0.553675;0.357085;0.715369;0.96176;0.197067;0.708902;0.604748;0.760303;0.526404;0.938621;0.027118;0.84641;0.704829;0.063916;0.492966;0.894366;0.938448;0.923436;0.090211;0.316949;0.307959;0.005064;0.50622;0.840185;0.889817;0.883502;0.380296;0.726969;0.120455;0.571206;0.481289;0.801374;0.488478;0.259407;0.089556;0.300288;0.727699;0.040241;0.627444;0.512619;0.137506;0.085402;0.387181;0.19323;0.571999;0.356817;0.186586;0.072251;0.182114;0.649429;0.645391;0.368044;0.439947
0.396417;0.536557;0.706169;0.203438;0.104606;0.823903;0.945685;0.747197;0.982872;0.712673;0.93163;0.106209;0.044842;0.820374;0.210767;0.798715;0.702146;0.79167;0.334734;0.057256;0.46229;0.720283;0.201786;0.069938;0.272639;0.727227;0.381955;0.123513;0.947566;0.819605;0.073388;0.02475;0.075425;0.254306;0.695247;0.884262;0.429057;0.536127;0.610353;0.479691;0.984968;0.499815;0.710962;0.303466;0.805938;0.346462;0.595379;0.14694;0.184574;0.808252;0.978915;0.80264;0.834172;0.471795;0.96447;0.635156;0.277157;0.838144;0.053227;0.552955;0.607617;0.428954;0.750227;0.850746;0.845;0.348044;0.350781;0.483974;0.820327;0.300158;0.344128;0.607019;0.656411;0.412582;0.419383;0.568745;0.166283;0.372065;0.046336;0.693643;0.800307;0.751275;0.108772;0.209406;0.104441;0.719933;0.30813;0.925852;0.238782;0.207868;0.506638;0.532486;0.236429;0.45248;0.890383;0.346881;0.764913;0.157173;0.533718;0.508253
0.122923;0.496854;0.072228;0.988336;0.878378;0.130747;0.270353;0.763427;0.701908;0.275127;0.465144;0.552112;0.172237;0.678601;0.982338;0.063047;0.769536;0.862975;0.693116;0.31075;0.486618;0.466711;0.430341;0.642757;0.688166;0.61084;0.084029;0.89525;0.279684;0.279365;0.878415;0.404015;0.197739;0.884165;0.79676;0.766875;0.017605;0.705758;0.439273;0.590945;0.86907;0.99337;0.057566;0.791618;0.845866;0.361842;0.106907;0.630636;0.142437;0.437933;0.534454;0.176398;0.332615;0.911032;0.738613;0.085447;0.536687;0.044721;0.246029;0.677687;0.92324;0.213651;0.090577;0.042648;0.934204;0.884623;0.286334;0.96481;0.601525;0.437543;0.826586;0.142352;0.686994;0.130643;0.719122;0.808029;0.208905;0.442138;0.160708;0.515061;0.273452;0.601682;0.151017;0.952204;0.934633;0.870145;0.803088;0.069232;0.974232;0.272764;0.395973;0.642751;0.53187;0.630394;0.313037;0.797784;0.787438;0.912011;0.615815;0.534764
0.818281;0.459698;0.617714;0.324841;0.908837;0.711912;0.915415;0.220124;0.735668;0.330982;0.383704;0.454154;0.867236;0.067747;0.120228;0.106793;0.623482;0.54224;0.257251;0.065382;0.372105;0.096981;0.18628;0.848028;0.503038;0.556682;0.319598;0.049517;0.016257;0.489568;0.882434;0.218128;0.120181;0.99635;0.857365;0.717751;0.121415;0.10357;0.099581;0.500343;0.858738;0.539515;0.827301;0.444717;0.247165;0.047074;0.875873;0.447291;0.327247;0.023082;0.450744;0.199131;0.463692;0.906339;0.505259;0.776194;0.784446;0.694317;0.332613;0.76176;0.798684;0.537789;0.610152;0.29433;0.065405;0.602428;0.540664;0.623822;0.782394;0.541914;0.748813;0.937677;0.590422;0.737912;0.240757;0.013486;0.333728;0.945803;0.17149;0.484137;0.446083;0.283481;0.522136;0.107113;0.529112;0.939485;0.198276;0.154935;0.818583;0.774051;0.627172;0.636508;0.273033;0.404315;0.712522;0.210033;0.14568;0.052391;0.545473;0.688489
0.90274;0.971045;0.052751;0.46086;0.557864;0.363069;0.371895;0.196829;0.127822;0.214603;0.299926;0.184309;0.139988;0.74876;0.773834;0.91029;0.772006;0.730738;0.052424;0.328072;0.139994;0.038669;0.940757;0.049876;0.468574;0.424863;0.726724;0.08085;0.770197;0.006388;0.354106;0.827021;0.344455;0.91854;0.95239;0.438384;0.828481;0.466997;0.207333;0.159145;0.437649;0.194138;0.017343;0.092193;0.876002;0.881331;0.897864;0.056472;0.704136;0.078211;0.969342;0.266319;0.347675;0.559521;0.969675;0.776266;0.575736;0.756191;0.151822;0.533922;0.026729;0.102733;0.205501;0.06736;0.28522;0.942034;0.416106;0.768306;0.304213;0.295009;0.881464;0.977157;0.787666;0.907996;0.31585;0.944553;0.001673;0.393228;0.913283;0.616705;0.459708;0.55152;0.358596;0.570245;0.561745;0.692868;0.159914;0.003906;0.646011;0.197944;0.609138;0.95922;0.606986;0.27866;0.270846;0.32899;0.838389;0.029797;0.160865;0.545463
0.377257;0.202032;0.534641;0.650076;0.797193;0.843189;0.154625;0.276429;0.807329;0.044774;0.256998;0.277794;0.918512;0.804782;0.685425;0.573598;0.361254;0.058149;0.393994;0.244155;0.072045;0.16364;0.025101;0.369141;0.186488;0.421719;0.199382;0.664688;0.249182;0.197846;0.714193;0.61173;0.460152;0.568122;0.299801;0.382801;0.072779;0.062996;0.034642;0.28937;0.534787;0.211157;0.398126;0.286869;0.796262;0.998629;0.766985;0.346559;0.029174;0.189652;0.713159;0.93808;0.196254;0.251964;0.919112;0.126831;0.695907;0.916646;0.630907;0.567956;0.668437;0.50366;0.832962;0.880269;0.333465;0.692641;0.16321;0.707513;0.192891;0.030686;0.050767;0.942948;0.799466;0.802312;0.494055;0.009084;0.480301;0.363544;0.653807;0.129239;0.473445;0.304628;0.64669;0.639008;0.487037;0.5608;0.306855;0.6916;0.566337;0.202688;0.757552;0.223051;0.330564;0.721737;0.18825;0.713945;0.883097;0.403988;0.565866;0.024207
0.922014;0.999371;0.068537;0.945289;0.496639;0.819414;0.025289;0.78227;0.10277;0.521019;0.836712;0.156394;0.313226;0.026681;0.369091;0.919282;0.534689;0.354067;0.503404;0.037049;0.329678;0.559341;0.159492;0.810299;0.922137;0.169605;0.178113;0.336202;0.863336;0.738209;0.289925;0.998759;0.205605;0.453859;0.173949;0.362294;0.936033;0.448411;0.746294;0.77224;0.158073;0.926179;0.617419;0.089317;0.765694;0.623308;0.109454;0.565343;0.892304;0.518553;0.663055;0.639518;0.096448;0.840501;0.260436;0.740262;0.985162;0.82563;0.877279;0.084331;0.900558;0.91131;0.566093;0.179635;0.71032;0.720642;0.093424;0.121553;0.855422;0.224075;0.202997;0.459111;0.47244;0.258986;0.280457;0.397485;0.631566;0.335457;0.440174;0.786491;0.213919;0.341369;0.803941;0.52432;0.981189;0.429996;0.718718;0.805264;0.092304;0.627279;0.754325;0.091563;0.196589;0.69025;0.593633;0.260732;0.452205;0.140498;0.938437;0.230598
0.840768;0.865236;0.021868;0.026672;0.911705;0.298483;0.74956;0.406683;0.162556;0.051469;0.00096;0.600774;0.766951;0.867369;0.9976;0.38647;0.016592;0.643381;0.274964;0.760529;0.485145;0.779842;0.706984;0.834185;0.089293;0.930703;0.598016;0.745937;0.736905;0.392159;0.496668;0.500383;0.850677;0.450896;0.594693;0.403411;0.574772;0.887716;0.656634;0.314432;0.222411;0.852711;0.643675;0.864446;0.658418;0.375614;0.190989;0.233303;0.893028;0.251328;0.964179;0.798491;0.278889;0.409048;0.232521;0.060343;0.289401;0.686628;0.564294;0.009702;0.103891;0.607101;0.688521;0.858319;0.526921;0.889911;0.990547;0.793379;0.04395;0.879927;0.145597;0.13181;0.576171;0.716781;0.981605;0.951856;0.4476;0.573227;0.986935;0.098059;0.161265;0.687748;0.876476;0.222138;0.983824;0.835504;0.573849;0.514249;0.994966;0.046656;0.676844;0.355718;0.342503;0.548047;0.599558;0.145042;0.07199;0.952161;0.623105;0.047565
0.619571;0.334818;0.710892;0.213395;0.401823;0.332718;0.827657;0.957358;0.367108;0.260056;0.509622;0.327432;0.825505;0.426671;0.629375;0.555947;0.975339;0.629058;0.320145;0.098446;0.522842;0.703317;0.321018;0.907556;0.661751;0.463173;0.49182;0.331121;0.315244;0.329761;0.916954;0.784405;0.763831;0.011025;0.05948;0.210555;0.514888;0.39498;0.047478;0.658043;0.402672;0.309141;0.460921;0.895312;0.552107;0.391392;0.170673;0.17205;0.409385;0.580133;0.638439;0.309796;0.205409;0.872683;0.347204;0.502452;0.595378;0.346642;0.693383;0.006673;0.926558;0.611766;0.676348;0.414432;0.952537;0.554018;0.699669;0.4618;0.682945;0.355844;0.432978;0.190878;0.928497;0.507063;0.645487;0.996979;0.788661;0.845569;0.046551;0.902312;0.085248;0.500729;0.856024;0.419929;0.38302;0.902738;0.844402;0.835448;0.906459;0.076925;0.880289;0.373075;0.028926;0.922699;0.703928;0.059172;0.703674;0.11553;0.602587;0.214781
0.947042;0.285876;0.066638;0.124688;0.117198;0.314365;0.696426;0.70703;0.547426;0.753378;0.857764;0.457644;0.104163;0.811959;0.772154;0.466309;0.52927;0.950604;0.355402;0.050833;0.086076;0.196197;0.189925;0.642109;0.115262;0.298013;0.32412;0.210779;0.820086;0.706526;0.431797;0.160527;0.194741;0.696547;0.664103;0.100004;0.993526;0.990321;0.449744;0.680346;0.173356;0.00255;0.714135;0.670497;0.271348;0.114955;0.205589;0.261333;0.235212;0.821207;0.458692;0.52156;0.398116;0.220233;0.450997;0.845431;0.085948;0.177469;0.329;0.791608;0.812423;0.037164;0.085536;0.641187;0.350295;0.831963;0.69973;0.254847;0.343907;0.269959;0.651668;0.776824;0.230573;0.643885;0.563546;0.695593;0.97206;0.638594;0.775658;0.945248;0.264753;0.054355;0.475257;0.161914;0.409788;0.408849;0.594916;0.374563;0.554449;0.149744;0.332053;0.965206;0.685331;0.43321;0.266719;0.922325;0.982362;0.567036;0.855052;0.517747
0.44937;0.123622;0.039214;0.399431;0.112132;0.751837;0.402122;0.825229;0.930616;0.985873;0.417376;0.026144;0.986053;0.298781;0.91649;0.660062;0.035475;0.945917;0.84921;0.513242;0.961123;0.635662;0.393378;0.302875;0.54316;0.196996;0.502937;0.236459;0.712903;0.902395;0.861035;0.633896;0.12974;0.133294;0.700455;0.421052;0.093747;0.69013;0.795719;0.18291;0.2484;0.919726;0.721096;0.051721;0.599678;0.549227;0.091493;0.053885;0.600085;0.978821;0.546998;0.168116;0.725711;0.901995;0.650743;0.61328;0.023208;0.683142;0.716418;0.845964;0.992299;0.993635;0.703163;0.829399;0.195017;0.681064;0.78446;0.089606;0.599906;0.406276;0.384838;0.509507;0.375418;0.515592;0.602913;0.078758;0.633834;0.104322;0.914142;0.110321;0.68339;0.939773;0.344666;0.779104;0.762231;0.007397;0.673171;0.304256;0.63877;0.86701;0.283997;0.358205;0.88634;0.40771;0.614807;0.600095;0.654417;0.258856;0.541707;0.258541
0.250001;0.557666;0.865754;0.924255;0.019819;0.441859;0.756857;0.974971;0.501682;0.706299;0.352941;0.97837;0.631895;0.611652;0.516753;0.431625;0.939997;0.180897;0.982357;0.028217;0.973831;0.166143;0.147865;0.644478;0.434593;0.062551;0.779893;0.88383;0.070481;0.978985;0.399155;0.899865;0.579974;0.393143;0.346966;0.843736;0.502449;0.121353;0.109666;0.721202;0.43727;0.356036;0.694491;0.169039;0.674134;0.893526;0.916541;0.861358;0.902446;0.083845;0.866288;0.986478;0.849459;0.419356;0.659505;0.501627;0.279667;0.621405;0.666116;0.065259;0.354073;0.918877;0.640913;0.07024;0.757812;0.366234;0.086967;0.956996;0.336906;0.081137;0.853608;0.765041;0.455762;0.063988;0.007369;0.041378;0.198025;0.030039;0.181714;0.085812;0.269471;0.107247;0.129719;0.013937;0.396528;0.746647;0.041053;0.214284;0.643271;0.50393;0.521109;0.48729;0.877115;0.329507;0.212152;0.519121;0.508845;0.548815;0.504695;0.582785
0.767662;0.773039;0.81465;0.68193;0.805439;0.867459;0.55629;0.491675;0.130078;0.454162;0.057903;0.808856;0.359598;0.355262;0.263202;0.105474;0.935953;0.957824;0.557435;0.62213;0.218625;0.53927;0.899297;0.261599;0.501464;0.192877;0.440043;0.349852;0.684498;0.83373;0.681835;0.431948;0.990052;0.620091;0.181323;0.084936;0.631537;0.574368;0.010113;0.406418;0.245736;0.47394;0.3843;0.233867;0.785986;0.831554;0.795121;0.127989;0.300314;0.391384;0.923772;0.099881;0.715003;0.822835;0.18752;0.134836;0.683341;0.694034;0.736272;0.481575;0.392231;0.020958;0.796367;0.796979;0.26183;0.784436;0.192782;0.522294;0.011893;0.037359;0.993331;0.430493;0.461696;0.360959;0.759041;0.579241;0.021741;0.663376;0.680675;0.263892;0.273159;0.42535;0.91396;0.980514;0.935775;0.27695;0.930995;0.556751;0.070479;0.055164;0.431374;0.107911;0.607867;0.010705;0.345359;0.266378;0.046176;0.865729;0.253956;0.335899
0.981075;0.780885;0.638869;0.655109;0.71549;0.65426;0.845265;0.891096;0.264691;0.35076;0.342014;0.445692;0.144948;0.32299;0.345043;0.813058;0.670116;0.59639;0.002594;0.494266;0.901277;0.438928;0.526847;0.633654;0.839442;0.392588;0.989745;0.219322;0.822017;0.830772;0.730555;0.943306;0.549696;0.155662;0.713401;0.249328;0.678291;0.821647;0.483491;0.753584;0.85431;0.755495;0.849819;0.951339;0.634106;0.857612;0.628802;0.848895;0.378457;0.210625;0.76059;0.518646;0.452528;0.77975;0.628464;0.332686;0.272434;0.27136;0.694297;0.535313;0.851901;0.927272;0.842753;0.253505;0.544565;0.103616;0.94481;0.031705;0.819248;0.830077;0.04632;0.290571;0.113495;0.413164;0.933411;0.127804;0.211888;0.092821;0.842433;0.146227;0.106915;0.38858;0.083457;0.838021;0.404933;0.723951;0.402044;0.381455;0.83324;0.98626;0.496927;0.084342;0.077747;0.833781;0.668804;0.317405;0.173179;0.896519;0.589149;0.963403
0.543431;0.641512;0.850678;0.014753;0.470456;0.91295;0.411859;0.031413;0.113712;0.505418;0.561168;0.076929;0.552826;0.227933;0.718244;0.627487;0.703258;0.694528;0.857435;0.90836;0.83885;0.953142;0.748281;0.15596;0.273835;0.664436;0.241259;0.231862;0.555704;0.956053;0.891738;0.605817;0.735655;0.443875;0.244074;0.655119;0.675991;0.247698;0.599044;0.389702;0.688847;0.692338;0.914158;0.222029;0.349169;0.512392;0.877451;0.00625;0.987547;0.185377;0.732518;0.28917;0.340041;0.043079;0.383524;0.026348;0.274701;0.13317;0.944715;0.055527;0.657998;0.256515;0.396604;0.673988;0.339362;0.823598;0.60351;0.084956;0.614051;0.726939;0.38222;0.116837;0.885186;0.632959;0.489866;0.643952;0.729519;0.32414;0.372793;0.494734;0.2943;0.241285;0.859274;0.953394;0.914774;0.530447;0.67394;0.302431;0.474108;0.214551;0.397588;0.156584;0.882963;0.179243;0.770279;0.493951;0.65335;0.673113;0.391454;0.146152
0.03039;0.717579;0.764615;0.617521;0.961602;0.86825;0.096182;0.866319;0.710701;0.413995;0.16163;0.212184;0.761456;0.549662;0.93847;0.694686;0.249138;0.391934;0.449688;0.131962;0.314771;0.804107;0.227054;0.911071;0.847316;0.472268;0.787977;0.570037;0.579876;0.923227;0.989751;0.399028;0.493537;0.931065;0.353578;0.089895;0.081308;0.999324;0.188357;0.099393;0.431939;0.259394;0.56424;0.080936;0.045596;0.938684;0.580239;0.143387;0.315534;0.988692;0.862851;0.368901;0.422381;0.402219;0.1996;0.582075;0.54423;0.425624;0.045591;0.540604;0.338333;0.222535;0.356879;0.293613;0.336481;0.958386;0.680917;0.277229;0.370798;0.275353;0.302082;0.677072;0.619701;0.636212;0.807216;0.597391;0.435234;0.836768;0.544451;0.786972;0.099068;0.270231;0.833866;0.858782;0.262836;0.110135;0.512694;0.627424;0.670131;0.930148;0.727533;0.785541;0.461865;0.596538;0.77556;0.626349;0.910618;0.538118;0.687759;0.32205
0.332524;0.861951;0.73292;0.161022;0.702339;0.036157;0.920444;0.318364;0.027956;0.502932;0.270828;0.009493;0.962658;0.530331;0.267245;0.910201;0.929913;0.955221;0.791836;0.564504;0.707026;0.492224;0.135903;0.399491;0.751317;0.367802;0.192787;0.340294;0.404944;0.116532;0.552361;0.277751;0.739836;0.972608;0.609226;0.987838;0.108477;0.01838;0.801688;0.01062;0.953363;0.484394;0.3401;0.237721;0.418862;0.564922;0.565733;0.547042;0.165281;0.338338;0.535833;0.699141;0.367675;0.747488;0.564658;0.485147;0.403615;0.917166;0.337766;0.814474;0.856164;0.506034;0.954909;0.976773;0.421025;0.846332;0.437175;0.756135;0.390087;0.803253;0.990894;0.956309;0.789694;0.263096;0.404673;0.314305;0.576178;0.686496;0.541552;0.956756;0.44877;0.692873;0.029131;0.469766;0.122633;0.808983;0.435979;0.212573;0.424029;0.054656;0.44173;0.489859;0.42124;0.257141;0.722463;0.538287;0.900747;0.598633;0.706648;0.778599
0.624813;0.228626;0.618066;0.624034;0.392816;0.647025;0.805808;0.290009;0.174108;0.132968;0.336753;0.124484;0.324994;0.51189;0.979373;0.882698;0.71765;0.52317;0.452997;0.409395;0.187766;0.871637;0.494196;0.574245;0.596943;0.842056;0.145442;0.175737;0.206187;0.993609;0.553466;0.322798;0.580893;0.358589;0.327987;0.392409;0.407895;0.378822;0.805577;0.080344;0.677325;0.716626;0.911954;0.455226;0.6518;0.159258;0.987653;0.396105;0.587295;0.192859;0.761815;0.652705;0.469863;0.496711;0.675186;0.131076;0.634743;0.160611;0.420994;0.57709;0.538072;0.441791;0.870607;0.793046;0.518225;0.919921;0.26008;0.332018;0.947849;0.953423;0.268305;0.440785;0.88394;0.973902;0.280302;0.299721;0.653392;0.613069;0.99159;0.691874;0.918277;0.408398;0.075239;0.582946;0.812347;0.369831;0.799512;0.100827;0.316336;0.700368;0.985655;0.646626;0.92022;0.388227;0.799184;0.46461;0.026493;0.074851;0.085993;0.988615
0.729072;0.735584;0.406567;0.020371;0.771112;0.573485;0.656095;0.518631;0.43506;0.274439;0.351314;0.922623;0.721527;0.071239;0.249647;0.644404;0.4444;0.758405;0.708787;0.160828;0.871945;0.780074;0.42329;0.095236;0.469646;0.940245;0.295983;0.879432;0.16712;0.665655;0.080144;0.676715;0.672237;0.854176;0.720316;0.101456;0.885855;0.304304;0.88088;0.145029;0.510196;0.531743;0.319161;0.380713;0.701874;0.629541;0.876398;0.321277;0.189923;0.01101;0.714931;0.463695;0.897395;0.936489;0.442255;0.376757;0.722748;0.613379;0.319851;0.389955;0.174596;0.328976;0.237793;0.672175;0.375116;0.653104;0.959288;0.170804;0.187523;0.02556;0.110484;0.542977;0.024202;0.874888;0.937288;0.658008;0.215339;0.925501;0.110754;0.723582;0.31255;0.837086;0.11391;0.314929;0.24184;0.400837;0.520394;0.130051;0.279067;0.451212;0.996123;0.842504;0.96012;0.380795;0.488971;0.938275;0.068919;0.114803;0.543847;0.06237
0.136432;0.522589;0.922809;0.307273;0.506511;0.804222;0.928774;0.183262;0.386386;0.847328;0.338691;0.797356;0.265269;0.668882;0.814156;0.672394;0.282654;0.501133;0.526493;0.619588;0.674869;0.139053;0.456114;0.078051;0.944616;0.443511;0.89007;0.657559;0.377884;0.338842;0.987383;0.043963;0.217355;0.690121;0.012713;0.605086;0.91409;0.873337;0.060218;0.145414;0.505272;0.583445;0.406747;0.798867;0.854591;0.067547;0.85734;0.399199;0.569992;0.019187;0.6288;0.778815;0.885191;0.350179;0.613036;0.751873;0.144244;0.196369;0.883399;0.772865;0.474644;0.968947;0.299919;0.734395;0.133622;0.541659;0.350659;0.815494;0.260698;0.148903;0.456454;0.114121;0.120144;0.1591;0.361363;0.465528;0.094615;0.806214;0.028911;0.916823;0.576604;0.745617;0.371606;0.084811;0.807088;0.60194;0.856003;0.794582;0.843519;0.741218;0.757257;0.548557;0.256973;0.969839;0.869841;0.949553;0.170937;0.358653;0.674736;0.042469
0.252308;0.16436;0.939453;0.080864;0.442471;0.202565;0.084713;0.575323;0.937236;0.087326;0.96197;0.179103;0.820597;0.979148;0.106231;0.328189;0.704757;0.204288;0.344088;0.244501;0.601637;0.155733;0.983947;0.231252;0.687219;0.194504;0.038966;0.747773;0.6267;0.905265;0.628776;0.686192;0.123595;0.811334;0.806563;0.63147;0.247241;0.357185;0.967748;0.238686;0.612939;0.971542;0.406079;0.73997;0.691372;0.125464;0.77157;0.323482;0.343028;0.159304;0.411684;0.266251;0.934277;0.464343;0.174222;0.503675;0.22988;0.327117;0.627903;0.514997;0.144503;0.845861;0.938677;0.412533;0.651174;0.069255;0.845786;0.335936;0.265124;0.647339;0.060215;0.431782;0.715537;0.250953;0.595816;0.902327;0.528756;0.219249;0.971338;0.32835;0.977177;0.840243;0.738892;0.8069;0.586992;0.351427;0.58228;0.437029;0.315073;0.004689;0.689951;0.630187;0.050038;0.014352;0.905656;0.821465;0.70939;0.040042;0.970984;0.246064
0.305738;0.631902;0.412227;0.97925;0.851264;0.761431;0.218906;0.464417;0.979343;0.583416;0.445565;0.561945;0.056514;0.820915;0.809385;0.576329;0.373569;0.133838;0.264589;0.208423;0.016674;0.822231;0.540553;0.327519;0.99707;0.524867;0.942949;0.255427;0.581655;0.501999;0.085514;0.345242;0.853767;0.618058;0.688398;0.780122;0.406686;0.530776;0.077446;0.846405;0.83652;0.118299;0.099757;0.413372;0.996624;0.287276;0.013579;0.984579;0.284835;0.158056;0.776007;0.651115;0.23432;0.959954;0.84487;0.790051;0.742814;0.269581;0.203423;0.381973;0.540766;0.382896;0.486892;0.537844;0.457665;0.552664;0.795635;0.663088;0.621341;0.938026;0.071082;0.632532;0.016729;0.895704;0.082264;0.853393;0.904786;0.852718;0.266235;0.695877;0.677999;0.883071;0.539263;0.055187;0.773999;0.845083;0.075868;0.343652;0.256798;0.313776;0.169169;0.83276;0.748482;0.60484;0.822701;0.20035;0.762938;0.906582;0.558187;0.831995
0.707026;0.557534;0.741064;0.287625;0.605142;0.613622;0.633217;0.556021;0.632043;0.826615;0.78804;0.652728;0.450042;0.080455;0.973458;0.534941;0.628351;0.835048;0.511438;0.558755;0.629533;0.784384;0.060711;0.959988;0.0305;0.920215;0.059352;0.630803;0.120848;0.373849;0.005216;0.010298;0.503665;0.41107;0.344577;0.665048;0.308286;0.815302;0.646625;0.812725;0.34288;0.621652;0.159191;0.620766;0.636672;0.444713;0.661506;0.29976;0.399057;0.291662;0.718872;0.54936;0.880666;0.154985;0.30937;0.303811;0.00482;0.403331;0.012136;0.993852;0.86722;0.670278;0.150558;0.731288;0.704273;0.042738;0.792378;0.904445;0.950469;0.991499;0.961688;0.753579;0.671708;0.947667;0.287638;0.183126;0.389279;0.540465;0.198826;0.071136;0.372555;0.860322;0.092444;0.154343;0.66106;0.002318;0.46106;0.769931;0.874209;0.743379;0.782385;0.004661;0.509882;0.681811;0.022076;0.288525;0.603408;0.899526;0.836556;0.134516
0.906583;0.540252;0.801493;0.30612;0.688584;0.474584;0.651992;0.711737;0.932081;0.709727;0.257232;0.818701;0.476619;0.689039;0.434404;0.90721;0.543775;0.538825;0.247694;0.462131;0.971409;0.537664;0.065738;0.276905;0.798368;0.694257;0.304258;0.528074;0.048156;0.635608;0.036223;0.083359;0.050675;0.74827;0.852463;0.658278;0.604479;0.421884;0.967298;0.848462;0.685772;0.248356;0.901915;0.920313;0.037822;0.693298;0.896283;0.007872;0.910333;0.669742;0.311995;0.850171;0.400083;0.348202;0.245235;0.707985;0.539234;0.627179;0.425279;0.160991;0.248215;0.40281;0.571541;0.464652;0.587002;0.051259;0.12553;0.475827;0.878847;0.441453;0.185013;0.035268;0.393921;0.544295;0.763064;0.5525;0.26136;0.438468;0.819125;0.368972;0.077449;0.797062;0.248013;0.391164;0.076905;0.677171;0.012434;0.604478;0.761226;0.897621;0.318808;0.469332;0.52504;0.269917;0.891918;0.664272;0.528322;0.201124;0.667463;0.913063
0.082037;0.832592;0.23818;0.944865;0.720733;0.721435;0.894176;0.947421;0.410692;0.81343;0.937222;0.524236;0.226896;0.630088;0.054822;0.752543;0.292386;0.874929;0.413689;0.053237;0.666397;0.292838;0.863008;0.310028;0.286105;0.010489;0.235892;0.736089;0.98667;0.919739;0.050036;0.035593;0.019876;0.026958;0.151612;0.638664;0.027676;0.415789;0.214698;0.400874;0.851127;0.663984;0.670624;0.877587;0.890348;0.804694;0.3919;0.89295;0.841449;0.326128;0.132397;0.310371;0.002183;0.238601;0.401805;0.581412;0.439083;0.281907;0.950416;0.718602;0.815054;0.692921;0.279344;0.332705;0.347583;0.731939;0.725905;0.985556;0.512972;0.846102;0.546838;0.097583;0.326552;0.581602;0.941603;0.433648;0.321191;0.798639;0.54113;0.456354;0.170521;0.848314;0.241736;0.347882;0.191154;0.940931;0.291974;0.188676;0.92099;0.231372;0.871241;0.265716;0.606701;0.157608;0.046703;0.038156;0.293775;0.241567;0.930547;0.626388
0.801789;0.157297;0.25892;0.323445;0.64689;0.058892;0.715708;0.538618;0.346543;0.287956;0.821563;0.789051;0.12275;0.678531;0.726566;0.630374;0.107537;0.654373;0.477882;0.618032;0.855435;0.888935;0.283721;0.661199;0.915077;0.6907;0.046223;0.783197;0.730627;0.958778;0.838445;0.077253;0.315355;0.53419;0.704497;0.43783;0.639802;0.41764;0.329906;0.152178;0.934279;0.573469;0.093928;0.439371;0.66855;0.606821;0.95291;0.90608;0.626791;0.995219;0.224813;0.170012;0.451079;0.759119;0.054538;0.636713;0.514118;0.914105;0.868092;0.057165;0.588691;0.748199;0.836584;0.404799;0.959824;0.320037;0.734324;0.206916;0.219105;0.129418;0.223332;0.219846;0.129558;0.826731;0.899112;0.863282;0.970682;0.92122;0.026248;0.788099;0.016893;0.437259;0.24387;0.597498;0.626359;0.314166;0.097671;0.147957;0.372202;0.045143;0.821753;0.792377;0.363317;0.84204;0.480703;0.984542;0.278124;0.929852;0.756719;0.842522
0.688757;0.86336;0.408102;0.266488;0.061422;0.749183;0.430432;0.456936;0.339926;0.796061;0.740133;0.768954;0.999561;0.903496;0.04031;0.884589;0.015147;0.56548;0.539527;0.385493;0.91296;0.753179;0.750125;0.470412;0.7989;0.919591;0.084132;0.775258;0.960818;0.421143;0.204551;0.469309;0.532473;0.963307;0.879527;0.174781;0.238746;0.129172;0.262184;0.708271;0.76014;0.872147;0.320578;0.370868;0.85699;0.704164;0.80132;0.421887;0.424464;0.9578;0.55126;0.607095;0.333906;0.940864;0.785741;0.972016;0.383982;0.301658;0.063673;0.792397;0.956515;0.340567;0.207726;0.550594;0.512135;0.718538;0.365402;0.669616;0.302747;0.573703;0.454933;0.943913;0.43877;0.438562;0.675888;0.195281;0.004667;0.514796;0.851603;0.761257;0.418436;0.533921;0.245266;0.235073;0.027071;0.984402;0.832574;0.973522;0.781008;0.935925;0.143446;0.97958;0.487761;0.118625;0.425943;0.282573;0.203313;0.566327;0.280804;0.467531
0.204073;0.356655;0.070891;0.6588;0.828896;0.281728;0.568857;0.696709;0.080806;0.818454;0.14504;0.998638;0.86136;0.221761;0.787308;0.471116;0.285404;0.573824;0.678909;0.867349;0.259796;0.413589;0.808146;0.379371;0.146998;0.213019;0.323028;0.720601;0.058943;0.053312;0.090884;0.609078;0.182623;0.441384;0.157094;0.342549;0.355438;0.128421;0.571932;0.854808;0.152245;0.29255;0.878275;0.792698;0.733166;0.205729;0.238905;0.112713;0.166804;0.400749;0.108244;0.467306;0.775712;0.46119;0.520073;0.667479;0.085594;0.266276;0.279097;0.533776;0.973831;0.340913;0.015793;0.082061;0.453989;0.536162;0.213898;0.595231;0.169415;0.223108;0.987627;0.933383;0.989318;0.299769;0.279268;0.58205;0.364188;0.069519;0.131265;0.450857;0.135235;0.462668;0.387852;0.270304;0.426733;0.398767;0.378818;0.217752;0.522954;0.802994;0.127487;0.389231;0.920797;0.694867;0.49693;0.397491;0.322243;0.937854;0.191356;0.480492
0.477335;0.416223;0.263755;0.836629;0.246894;0.983435;0.800811;0.228827;0.825211;0.323672;0.462834;0.452623;0.356762;0.81595;0.75881;0.665689;0.877496;0.609531;0.543546;0.358193;0.677654;0.16372;0.666129;0.147127;0.475804;0.240127;0.549975;0.281707;0.530791;0.46888;0.907624;0.279881;0.868081;0.401047;0.388558;0.726401;0.803986;0.965479;0.80008;0.808794;0.889913;0.158134;0.524531;0.423686;0.409949;0.631019;0.361803;0.006668;0.015864;0.635099;0.710466;0.385673;0.457151;0.562697;0.949018;0.092895;0.929377;0.752326;0.062319;0.372489;0.377731;0.84069;0.409948;0.23924;0.19329;0.478479;0.162352;0.470664;0.171634;0.288377;0.74003;0.141628;0.890232;0.616562;0.306325;0.380855;0.489255;0.18127;0.938333;0.372582;0.079539;0.36463;0.577257;0.71589;0.970864;0.566569;0.188363;0.170332;0.664582;0.784825;0.079054;0.42704;0.830723;0.975905;0.78066;0.880479;0.960225;0.64024;0.014227;0.491959
0.050908;0.737957;0.7289;0.543622;0.769412;0.290517;0.665553;0.324939;0.087198;0.405685;0.429117;0.682783;0.53924;0.373131;0.787493;0.492577;0.07102;0.567111;0.202665;0.317807;0.674962;0.497854;0.956203;0.499275;0.895277;0.55089;0.153537;0.286923;0.695738;0.369747;0.903481;0.65166;0.586126;0.096229;0.367021;0.825815;0.49269;0.042884;0.590099;0.235202;0.02119;0.962642;0.744132;0.973628;0.668872;0.082648;0.226235;0.096871;0.80479;0.664976;0.438612;0.629968;0.483391;0.441855;0.088574;0.304631;0.536411;0.622297;0.032003;8.8e-05;0.20258;0.758349;0.473096;0.155593;0.38138;0.074355;0.377451;0.581363;0.420913;0.018707;0.535778;0.901609;0.060336;0.954381;0.428008;0.565699;0.015116;0.266728;0.955375;0.278487;0.737477;0.8078;0.922166;0.641122;0.785577;0.009862;0.163645;0.780995;0.917941;0.027947;0.447371;0.649504;0.189062;0.487845;0.953118;0.01697;0.998368;0.68536;0.517855;0.916495
0.897064;0.550611;0.777876;0.227717;0.802687;0.12122;0.602246;0.606888;0.50533;0.46943;0.383415;0.837774;0.439344;0.386366;0.162501;0.189914;0.723266;0.989011;0.244903;0.987398;0.250381;0.705464;0.05662;0.005237;0.049276;0.97326;0.402004;0.41638;0.112649;0.68689;0.724641;0.798007;0.220373;0.214705;0.044069;0.570715;0.496214;0.108124;0.511133;0.327628;0.765065;0.301953;0.944316;0.700425;0.483267;0.876474;0.620044;0.060808;0.345789;0.935739;0.629476;0.17252;0.608321;0.744822;0.473848;0.484582;0.064649;0.144963;0.555309;0.670726;0.533216;0.301646;0.57943;0.880622;0.090906;0.415464;0.040686;0.29867;0.779576;0.993548;0.344933;0.95482;0.814334;0.922994;0.206516;0.21985;0.795108;0.92996;0.537177;0.66633;0.955284;0.463112;0.707061;0.879456;0.088651;0.700283;0.153851;0.972005;0.484652;0.733451;0.195315;0.137605;0.329808;0.660629;0.624093;0.185262;0.657791;0.061088;0.730639;0.268806
0.044553;0.088988;0.514616;0.508681;0.797849;0.34925;0.876953;0.600456;0.02966;0.710277;0.614389;0.623452;0.032867;0.49158;0.024099;0.892453;0.480919;0.526817;0.679061;0.954864;0.066083;0.240867;0.370381;0.258522;0.935958;0.747164;0.284821;0.902248;0.857259;0.331919;0.735781;0.933777;0.969903;0.310771;0.823288;0.106536;0.437957;0.689229;0.398799;0.235325;0.667487;0.488872;0.692366;0.028344;0.513506;0.582601;0.610512;0.900702;0.910108;0.904544;0.132283;0.090683;0.819717;0.278933;0.983289;0.385434;0.940125;0.750943;0.528622;0.952463;0.1537;0.631442;0.514841;0.443901;0.324828;0.192076;0.998231;0.284007;0.917987;0.716507;0.266734;0.736766;0.902572;0.253817;0.551994;0.072157;0.73791;0.867303;0.900305;0.950108;0.639151;0.257765;0.487804;0.430105;0.716461;0.412693;0.125352;0.715592;0.308576;0.20388;0.227969;0.726485;0.003411;0.468611;0.004045;0.507051;0.035843;0.463948;0.981291;0.747269
0.590878;0.006434;0.65515;0.804466;0.376877;0.687712;0.898494;0.923277;0.97231;0.425949;0.732549;0.291251;0.136981;0.230899;0.33781;0.731204;0.267256;0.004825;0.969477;0.944859;0.870655;0.76227;0.058199;0.136537;0.848507;0.883941;0.767283;0.687183;0.180896;0.593783;0.185436;0.422946;0.549002;0.772511;0.280893;0.92135;0.949447;0.90587;0.701536;0.622683;0.205481;0.255311;0.282602;0.831007;0.455444;0.425094;0.161168;0.43141;0.820912;0.212391;0.104686;0.308565;0.553202;0.543731;0.844834;0.399813;0.93977;0.217482;0.354413;0.443138;0.784885;0.229489;0.419157;0.947198;0.445555;0.976623;0.88737;0.450637;0.911758;0.258611;0.130778;0.072317;0.023811;0.913756;0.459194;0.883583;0.324041;0.632003;0.780202;0.397471;0.444827;0.42864;0.122481;0.851528;0.19137;0.187474;0.958997;0.855716;0.583289;0.616005;0.992375;0.643266;0.886625;0.987882;0.495242;0.351236;0.218008;0.668399;0.804828;0.116524
0.500888;0.600209;0.336288;0.996574;0.174748;0.366665;0.067523;0.59269;0.888827;0.720975;0.56303;0.613392;0.539717;0.028525;0.839526;0.648319;0.937871;0.971308;0.423697;0.524931;0.036164;0.459205;0.600292;0.235549;0.176173;0.010986;0.359155;0.353219;0.691795;0.611198;0.932551;0.950439;0.822941;0.736022;0.326553;0.428232;0.549569;0.854574;0.691377;0.474174;0.079106;0.139983;0.464464;0.11497;0.42957;0.917472;0.31779;0.54567;0.592095;0.919738;0.519459;0.837365;0.970437;0.925522;0.101396;0.902954;0.479305;0.632465;0.689616;0.199549;0.13841;0.846863;0.165344;0.093845;0.422774;0.208891;0.349038;0.646831;0.476058;0.706935;0.310925;0.61606;0.257283;0.079257;0.714308;0.16917;0.838546;0.611664;0.30175;0.08715;0.595468;0.81681;0.641574;0.32189;0.268051;0.287173;0.994699;0.837063;0.006455;0.293063;0.293355;0.651318;0.640041;0.206973;0.800753;0.116822;0.547653;0.463517;0.807402;0.411044
0.287307;0.342173;0.134506;0.464376;0.939723;0.202263;0.496804;0.721749;0.833348;0.100191;0.222891;0.001005;0.218005;0.773429;0.213555;0.922673;0.028319;0.690851;0.922699;0.403767;0.508311;0.283048;0.734902;0.45611;0.128628;0.950746;0.706992;0.177276;0.398484;0.759693;0.810381;0.483016;0.576099;0.649969;0.31711;0.900669;0.989007;0.910396;0.625254;0.954836;0.381553;0.133215;0.228986;0.372674;0.294952;0.840165;0.584529;0.12874;0.822983;0.738372;0.469795;0.90574;0.167738;0.775452;0.409628;0.54756;0.527972;0.017625;0.646708;0.770706;0.239346;0.63094;0.271781;0.894733;0.205981;0.605534;0.237001;0.92689;0.312505;0.038815;0.28205;0.331981;0.530537;0.823944;0.567089;0.661068;0.113363;0.953262;0.836734;0.453529;0.999118;0.362695;0.113238;0.977797;0.51787;0.65237;0.770727;0.079724;0.233955;0.273495;0.578252;0.428214;0.832815;0.642179;0.948748;0.411268;0.43904;0.917526;0.024893;0.051765
0.941769;0.385867;0.247723;0.455596;0.284731;0.283326;0.987706;0.479211;0.775457;0.842942;0.857568;0.091946;0.734304;0.1829;0.60958;0.247705;0.476361;0.313538;0.663359;0.77205;0.054386;0.968838;0.5927;0.030296;0.030369;0.577236;0.095015;0.038471;0.701406;0.909531;0.90186;0.118788;0.712428;0.321315;0.490584;0.213099;0.12894;0.504438;0.197574;0.298385;0.648074;0.809333;0.575142;0.072643;0.930686;0.341542;0.089264;0.455592;0.572281;0.532664;0.26901;0.325388;0.134401;0.930749;0.046319;0.117479;0.978715;0.509254;0.702173;0.916419;0.810729;0.880246;0.991057;0.631817;0.280491;0.371313;0.004685;0.854472;0.584476;0.042842;0.804344;0.160972;0.289411;0.124319;0.61869;0.560119;0.724883;0.508139;0.753714;0.760193;0.198977;0.620441;0.256096;0.171991;0.496405;0.427857;0.446896;0.381486;0.729645;0.107874;0.492861;0.828248;0.089847;0.837562;0.349874;0.431101;0.417703;0.791446;0.479244;0.409509
0.347316;0.172794;0.430373;0.331859;0.750375;0.377155;0.419241;0.98978;0.229775;0.8637;0.91335;0.0264;0.296894;0.739321;0.377485;0.901997;0.582367;0.141786;0.889121;0.124959;0.708717;0.274468;0.679722;0.640957;0.050894;0.006635;0.155436;0.76306;0.069866;0.187581;0.41437;0.434129;0.641698;0.280722;0.144905;0.77957;0.28032;0.22923;0.139088;0.601439;0.538541;0.652398;0.441869;0.903957;0.485607;0.373533;0.27789;0.296169;0.316692;0.111206;0.308158;0.654589;0.77011;0.789347;0.858597;0.830046;0.05054;0.922052;0.366231;0.209239;0.76254;0.949994;0.400382;0.973162;0.689405;0.675074;0.282788;0.935684;0.951386;0.838611;0.391183;0.875771;0.34815;0.176516;0.199824;0.010032;0.38228;0.491295;0.917969;0.692911;0.804396;0.817688;0.049547;0.514385;0.145257;0.041295;0.419169;0.063897;0.326901;0.694978;0.183005;0.636509;0.450597;0.444039;0.201545;0.335856;0.972769;0.164785;0.193676;0.669289
0.627543;0.380165;0.207544;0.295882;0.932428;0.453182;0.624531;0.435934;0.620926;0.928116;0.162103;0.230744;0.329052;0.385441;0.452881;0.572452;0.644828;0.49723;0.396801;0.373174;0.037694;0.441353;0.336704;0.181932;0.989301;0.764136;0.034501;0.177268;0.154632;0.910976;0.339962;0.806597;0.730657;0.525171;0.972445;0.742069;0.010265;0.518986;0.103218;0.24713;0.102373;0.824631;0.267212;0.281848;0.488923;0.871577;0.675958;0.325005;0.870148;0.35948;0.256494;0.518696;0.829255;0.725574;0.00666;0.805651;0.946179;0.276235;0.632904;0.094587;0.595358;0.596669;0.10089;0.050353;0.949913;0.709191;0.125172;0.190551;0.633416;0.582302;0.448585;0.776863;0.690434;0.451082;0.125334;0.332083;0.563516;0.286914;0.04982;0.483091;0.458718;0.58942;0.787664;0.446807;0.117123;0.482132;0.601058;0.230474;0.403463;0.846436;0.930419;0.539964;0.967719;0.540644;0.641666;0.54603;0.084984;0.092121;0.978417;0.421248
0.666467;0.624707;0.182093;0.539854;0.593466;0.277063;0.024201;0.423833;0.566282;0.26083;0.270937;0.173051;0.574332;0.324057;0.365171;0.093656;0.715238;0.312901;0.232452;0.432113;0.375823;0.458717;0.597157;0.794074;0.786716;0.706458;0.704514;0.117142;0.798818;0.67454;0.354176;0.905777;0.732719;0.28487;0.522927;0.676385;0.884593;0.748421;0.189912;0.942403;0.907067;0.050286;0.137487;0.797955;0.08447;0.169243;0.569938;0.45437;0.785376;0.317657;0.675868;0.461219;0.577757;0.031035;0.711911;0.577945;0.398491;0.896247;0.31814;0.933617;0.530811;0.020765;0.105253;0.049768;0.519607;0.31668;0.045465;0.333034;0.881864;0.410968;0.899066;0.497128;0.638894;0.498049;0.724045;0.392868;0.488386;0.477117;0.23282;0.512232;0.600098;0.901359;0.095421;0.985252;0.516987;0.246158;0.167138;0.019274;0.668796;0.917715;0.211644;0.112967;0.490547;0.308715;0.404156;0.617396;0.926831;0.530036;0.384599;0.780031
0.419081;0.719655;0.815684;0.43172;0.830116;0.472658;0.473011;0.634092;0.319842;0.49913;0.31726;0.717877;0.509304;0.220974;0.627851;0.172714;0.840419;0.181368;0.31542;0.690617;0.107307;0.496626;0.147187;0.451042;0.007157;0.606561;0.84458;0.915093;0.266933;0.585472;0.804321;0.31613;0.826943;0.636524;0.521497;0.518733;0.988785;0.091707;0.485124;0.723166;0.59282;0.936385;0.558495;0.645688;0.299409;0.715059;0.989786;0.723315;0.647583;0.591292;0.213473;0.0321;0.997472;0.2743;0.147827;0.542284;0.145092;0.766188;0.142469;0.033801;0.950985;0.273726;0.493986;0.727454;0.225029;0.427509;0.845013;0.450433;0.80283;0.569907;0.938033;0.254978;0.865985;0.251763;0.301256;0.817452;0.366394;0.153154;0.645663;0.303;0.266637;0.797356;0.398734;0.773716;0.287058;0.292388;0.470959;0.731792;0.730725;0.06592;0.102172;0.082154;0.964646;0.545438;0.898947;0.304967;0.237805;0.740424;0.63862;0.697734
0.005519;0.899748;0.53391;0.111273;0.205029;0.660471;0.314163;0.233914;0.642867;0.910986;0.974797;0.042447;0.320254;0.480576;0.041637;0.614062;0.793826;0.990515;0.83016;0.768233;0.993455;0.635963;0.320378;0.554581;0.581338;0.112755;0.240386;0.191766;0.025493;0.664829;0.672307;0.069816;0.066053;0.724524;0.090311;0.728865;0.411819;0.13963;0.62503;0.310662;0.381536;0.616909;0.503226;0.166271;0.857852;0.426924;0.090956;0.966568;0.318749;0.587383;0.571409;0.400271;0.852694;0.846156;0.6522;0.979786;0.865308;0.997516;0.790231;0.964471;0.696661;0.675528;0.183319;0.787966;0.161035;0.522356;0.656821;0.129813;0.502569;0.608581;0.653708;0.863441;0.440686;0.054118;0.468925;0.325329;0.05696;0.0884;0.891218;0.746728;0.06028;0.210567;0.54078;0.117724;0.279812;0.557324;0.188678;0.409392;0.207592;0.528898;0.21217;0.805873;0.117543;0.820817;0.107095;0.031125;0.710208;0.53389;0.840312;0.967335
0.589745;0.305129;0.151149;0.902102;0.935939;0.746678;0.038764;0.182232;0.741933;0.138105;0.373691;0.251507;0.228301;0.926094;0.503837;0.521493;0.149978;0.552322;0.784676;0.433114;0.187091;0.390146;0.236235;0.612922;0.383159;0.674073;0.613026;0.463611;0.997508;0.034561;0.458797;0.288826;0.487496;0.890809;0.510958;0.33423;0.993241;0.489796;0.471025;0.317334;0.577026;0.349138;0.545051;0.712881;0.887372;0.267308;0.419256;0.788241;0.429147;0.784455;0.402208;0.041992;0.261501;0.000449;0.479728;0.124424;0.886896;0.561139;0.609695;0.326813;0.532248;0.089823;0.89612;0.089099;0.04764;0.258342;0.637664;0.663315;0.261545;0.739702;0.446334;0.519706;0.285268;0.23068;0.20164;0.689686;0.771539;0.970358;0.585714;0.565609;0.234729;0.300809;0.569277;0.352371;0.485739;0.042293;0.414253;0.088005;0.77042;0.288722;0.705113;0.443894;0.791068;0.856821;0.845738;0.274452;0.91868;0.267914;0.77361;0.650571
0.988844;0.61683;0.453129;0.305238;0.395871;0.889989;0.143664;0.571677;0.832826;0.462924;0.444366;0.336918;0.084616;0.809261;0.939691;0.916835;0.371311;0.672066;0.725346;0.203315;0.94828;0.356125;0.772087;0.332648;0.651242;0.807779;0.542486;0.306886;0.829428;0.864488;0.749583;0.586576;0.815373;0.150534;0.19578;0.733469;0.526885;0.997316;0.457205;0.769683;0.561684;0.270051;0.182175;0.393094;0.334223;0.954001;0.851872;0.141052;0.617948;0.540493;0.102444;0.273546;0.848264;0.401537;0.194852;0.050318;0.503031;0.156771;0.399531;0.233263;0.874934;0.033522;0.174232;0.238404;0.452069;0.321597;0.34393;0.93149;0.125846;0.042369;0.177593;0.796053;0.138118;0.613676;0.453852;0.056646;0.775343;0.722127;0.549086;0.126403;0.787776;0.005221;0.875689;0.704896;0.68412;0.731139;0.785189;0.942933;0.870472;0.576061;0.07983;0.632868;0.346819;0.156673;0.494986;0.057589;0.46191;0.247844;0.539032;0.767392
0.000787;0.343968;0.509571;0.791472;0.809483;0.201112;0.091898;0.927939;0.30539;0.381054;0.727406;0.171821;0.768931;0.217545;0.453413;0.352568;0.524941;0.524443;0.834742;0.349218;0.675547;0.520331;0.996057;0.218034;0.400199;0.616314;0.832239;0.717899;0.17742;0.252127;0.21713;0.057707;0.439307;0.282664;0.123408;0.78535;0.773032;0.528333;0.448827;0.855821;0.979962;0.223763;0.952638;0.971376;0.095704;0.338188;0.416247;0.738842;0.385034;0.639983;0.911545;0.288584;0.665504;0.910948;0.786489;0.12704;0.041016;0.076776;0.462128;0.704415;0.264215;0.595896;0.500549;0.839724;0.394501;0.674543;0.986872;0.829507;0.275386;0.692325;0.332276;0.273524;0.439265;0.651631;0.891701;0.138708;0.355508;0.5389;0.866688;0.902783;0.999465;0.090354;0.831721;0.3553;0.843048;0.403752;0.551449;0.554648;0.982206;0.161247;0.375009;0.859574;0.046707;0.979241;0.021675;0.167358;0.022705;0.952787;0.249516;0.481522
0.904948;0.566951;0.579222;0.214919;0.096211;0.178152;0.342149;0.778156;0.473725;0.495424;0.466749;0.461186;0.624375;0.097391;0.650409;0.589844;0.731824;0.969794;0.092817;0.236605;0.635109;0.851088;0.455889;0.314715;0.063065;0.706599;0.310948;0.99579;0.225218;0.7416;0.579044;0.185286;0.063449;0.54655;0.16041;0.373603;0.313919;0.431471;0.630888;0.922076;0.233956;0.649166;0.003598;0.090827;0.101649;0.886355;0.567125;0.430905;0.675164;0.626168;0.358421;0.724939;0.167782;0.059616;0.158418;0.140674;0.705073;0.828889;0.568927;0.90544;0.731437;0.668579;0.521969;0.685628;0.484963;0.698627;0.012565;0.672337;0.363767;0.404411;0.408997;0.841087;0.987638;0.776082;0.953171;0.944574;0.609857;0.098721;0.608888;0.081836;0.581769;0.125391;0.329232;0.263345;0.785828;0.621374;0.242955;0.746021;0.308957;0.816754;0.762463;0.05729;0.511103;0.061022;0.380913;0.837348;0.469172;0.375697;0.942869;0.638587
0.249264;0.724575;0.983898;0.951035;0.156;0.44754;0.390277;0.043872;0.714981;0.877186;0.522481;0.850194;0.112924;0.39144;0.631245;0.408896;0.531408;0.588438;0.24285;0.273917;0.78076;0.310665;0.144986;0.819466;0.641287;0.356093;0.156268;0.988094;0.744839;0.32303;0.086339;0.091887;0.806842;0.804704;0.459968;0.035777;0.889301;0.816082;0.52836;0.402165;0.908296;0.69809;0.843956;0.464288;0.343359;0.297026;0.946311;0.850036;0.11067;0.361121;0.553178;0.241507;0.083172;0.797354;0.627347;0.026977;0.659681;0.897914;0.380694;0.475479;0.306292;0.63117;0.188712;0.460118;0.460094;0.960056;0.354132;0.867562;0.988716;0.228841;0.228275;0.543195;0.608976;0.909377;0.987516;0.508717;0.808113;0.603753;0.401944;0.54759;0.407379;0.983291;0.488986;0.987948;0.641867;0.695906;0.359521;0.693995;0.572058;0.808497;0.710297;0.309792;0.635729;0.326914;0.729871;0.927219;0.758802;0.075602;0.834106;0.414754
0.903369;0.260001;0.964825;0.467008;0.439021;0.514976;0.411652;0.337609;0.98649;0.096294;0.669933;0.699916;0.362996;0.57853;0.832218;0.150293;0.239468;0.116568;0.768309;0.433291;0.901028;0.59818;0.708972;0.896342;0.878811;0.60613;0.651608;0.328632;0.662888;0.966645;0.897864;0.642419;0.520429;0.21887;0.929263;0.181136;0.322204;0.351152;0.668871;0.467686;0.858681;0.945932;0.467997;0.575684;0.176123;0.939905;0.939454;0.661771;0.054244;0.123804;0.00999;0.656042;0.865615;0.971425;0.954581;0.117182;0.513075;0.274223;0.378035;0.170663;0.24836;0.154399;0.196107;0.740893;0.177286;0.954258;0.435889;0.453226;0.009382;0.72292;0.344567;0.540203;0.563903;0.639299;0.072152;0.147512;0.793982;0.610963;0.196505;0.993393;0.18804;0.115428;0.969866;0.584983;0.905049;0.289301;0.277635;0.027472;0.621569;0.557586;0.171079;0.426599;0.5358;0.524334;0.862258;0.490493;0.465027;0.456175;0.314015;0.839021
0.814062;0.305694;0.180158;0.35464;0.2731;0.861939;0.378869;0.405618;0.380773;0.304618;0.837665;0.710542;0.78029;0.818541;0.768655;0.448708;0.086694;0.526617;0.256361;0.644882;0.568989;0.319132;0.22562;0.534121;0.682378;0.519346;0.814961;0.459829;0.700012;0.9552;0.465718;0.608977;0.426868;0.259824;0.941806;0.770903;0.456998;0.689162;0.719141;0.084227;0.716742;0.776379;0.399279;0.858602;0.374979;0.746124;0.568163;0.515195;0.703947;0.247375;0.17144;0.219872;0.572875;0.710075;0.89121;0.746726;0.428187;0.755618;0.389627;0.046391;0.25373;0.073165;0.932319;0.543444;0.223559;0.254056;0.027011;0.106762;0.232815;0.551075;0.01282;0.559921;0.191378;0.961135;0.988436;0.610447;0.0072;0.734305;0.826722;0.59723;0.486244;0.862976;0.968309;0.319343;0.530235;0.555319;0.579633;0.61758;0.717241;0.597106;0.86537;0.878312;0.381759;0.27367;0.127034;0.680396;0.247237;0.71208;0.09542;0.498645
0.971398;0.887682;0.498857;0.374832;0.560078;0.723277;0.215979;0.097815;0.37608;0.669092;0.223208;0.729311;0.892306;0.516468;0.506885;0.00811;0.641102;0.272008;0.521195;0.203058;0.686687;0.820642;0.446543;0.305385;0.983159;0.439354;0.674198;0.477165;0.99258;0.408872;0.715116;0.101932;0.764051;0.72179;0.878432;0.308712;0.011609;0.80114;0.516797;0.420375;0.28866;0.636368;0.341749;0.518634;0.776522;0.542158;0.434138;0.350061;0.123203;0.296736;0.482207;0.227749;0.961142;0.984096;0.829031;0.891444;0.386873;0.946605;0.32954;0.062588;0.702201;0.490682;0.071849;0.079242;0.637901;0.898652;0.552402;0.205532;0.697134;0.643751;0.19697;0.576553;0.321519;0.478937;0.739812;0.838816;0.728097;0.56222;0.161762;0.849837;0.855619;0.320158;0.992432;0.529189;0.020409;0.480651;0.316709;0.438126;0.134226;0.366233;0.670659;0.375423;0.837086;0.922629;0.501725;0.202864;0.591117;0.864935;0.08743;0.381904
0.052414;0.674846;0.227775;0.518148;0.757605;0.185886;0.26297;0.329142;0.187571;0.538991;0.23248;0.368472;0.161648;0.959067;0.062992;0.406428;0.400205;0.025052;0.649889;0.742611;0.776071;0.136219;0.435901;0.318075;0.503023;0.374855;0.931102;0.816748;0.403353;0.443926;0.837979;0.803851;0.012997;0.871755;0.780437;0.559193;0.872521;0.228567;0.002332;0.094763;0.422637;0.689096;0.44991;0.868219;0.205296;0.93897;0.280953;0.248233;0.824767;0.028653;0.997282;0.595136;0.394273;0.968348;0.150765;0.630452;0.666598;0.446731;0.479544;0.605255;0.804446;0.938329;0.136415;0.009804;0.158388;0.4168;0.474724;0.501465;0.452668;0.599305;0.400417;0.313346;0.816484;0.201528;0.129224;0.546263;0.21307;0.960492;0.003535;0.889406;0.380305;0.089861;0.426189;0.860324;0.920166;0.303723;0.988895;0.319317;0.115504;0.69651;0.410804;0.183209;0.960642;0.537252;0.390521;0.854197;0.978643;0.277228;0.465779;0.96005
0.250888;0.835769;0.928138;0.735892;0.419438;0.217121;0.651252;0.328699;0.881432;0.176121;0.37885;0.305235;0.885861;0.126451;0.310837;0.715093;0.579717;0.662031;0.534654;0.206772;0.819404;0.209774;0.184378;0.680947;0.101102;0.835751;0.859146;0.903158;0.517783;0.979863;0.237111;0.239157;0.678554;0.604594;0.909798;0.652371;0.172835;0.28658;0.728048;0.730636;0.980066;0.978018;0.950429;0.806242;0.610355;0.531754;0.778567;0.206706;0.14331;0.390719;0.621763;0.834859;0.880834;0.959385;0.544978;0.475404;0.920997;0.492826;0.219614;0.711945;0.857928;0.082137;0.33696;0.01807;0.028661;0.204973;0.977983;0.940834;0.966144;0.761298;0.443837;0.218238;0.051116;0.104218;0.847918;0.21091;0.723017;0.499807;0.700572;0.411744;0.743919;0.80546;0.456561;0.442492;0.929674;0.075082;0.75516;0.77973;0.719786;0.295923;0.624992;0.131207;0.599388;0.054082;0.656802;0.26267;0.97568;0.869643;0.472836;0.695424
0.16785;0.677044;0.217159;0.801982;0.060372;0.520114;0.827009;0.487771;0.676112;0.124068;0.734548;0.96187;0.768487;0.070741;0.641802;0.953633;0.828609;0.635974;0.160102;0.000683;0.726;0.078977;0.372417;0.632537;0.043631;0.710215;0.947456;0.372667;0.464901;0.740513;0.613979;0.508294;0.454213;0.281581;0.27684;0.576781;0.576664;0.299482;0.951366;0.110568;0.145615;0.841907;0.369641;0.467232;0.059115;0.018224;0.162251;0.73347;0.28909;0.134112;0.522319;0.596314;0.249868;0.136382;0.02963;0.588063;0.603404;0.563129;0.589932;0.646636;0.040582;0.298638;0.065025;0.759165;0.35087;0.358935;0.902176;0.055824;0.826879;0.781726;0.303914;0.16271;0.647743;0.175239;0.916845;0.851729;0.622396;0.179998;0.346443;0.975243;0.020692;0.784018;0.122626;0.193019;0.774916;0.908437;0.538852;0.622139;0.150159;0.760731;0.692659;0.748903;0.940182;0.256574;0.953815;0.363298;0.879007;0.04167;0.48572;0.266004
0.997744;0.410926;0.889823;0.590273;0.023821;0.251243;0.97354;0.585522;0.84655;0.296683;0.236714;0.879873;0.840975;0.219373;0.615298;0.00636;0.036762;0.249573;0.814477;0.93093;0.532744;0.829895;0.395038;0.612446;0.392045;0.463271;0.71592;0.291335;0.401894;0.661767;0.076226;0.835317;0.767157;0.648008;0.516385;0.987107;0.321268;0.156603;0.859309;0.608907;0.997141;0.877829;0.52717;0.533313;0.166641;0.52925;0.239521;0.92007;0.728101;0.312829;0.03407;0.545632;0.290435;0.737012;0.788624;0.291476;0.535595;0.880192;0.656594;0.406053;0.37429;0.244158;0.492443;0.937593;0.708575;0.530481;0.922764;0.343527;0.774016;0.01763;0.124349;0.788233;0.818419;0.596138;0.379141;0.529091;0.87017;0.638698;0.16005;0.047213;0.938505;0.027136;0.083162;0.29734;0.325816;0.201906;0.876687;0.099984;0.677111;0.996811;0.788241;0.338834;0.467348;0.957167;0.403391;0.235132;0.105523;0.307661;0.822665;0.11731
0.214192;0.047864;0.796395;0.134311;0.261028;0.861494;0.540775;0.405534;0.968819;0.591427;0.346168;0.596805;0.450442;0.376835;0.668041;0.453368;0.657869;0.827851;0.861972;0.543429;0.043882;0.692796;0.072282;0.979071;0.245644;0.07837;0.039431;0.480344;0.509953;0.733941;0.943108;0.277154;0.028121;0.65792;0.950609;0.632526;0.06053;0.870722;0.51581;0.939949;0.14931;0.488419;0.21007;0.59875;0.252658;0.719117;0.9534;0.431269;0.666849;0.547729;0.99358;0.063814;0.74801;0.346997;0.424934;0.12775;0.366408;0.73571;0.447044;0.152903;0.717654;0.530385;0.522611;0.61464;0.650376;0.41978;0.384188;0.015219;0.791928;0.67992;0.603826;0.57803;0.553655;0.938938;0.196463;0.27592;0.478673;0.601399;0.909933;0.46091;0.838237;0.855821;0.026274;0.406729;0.441406;0.536291;0.138414;0.968514;0.494525;0.702739;0.277778;0.321579;0.56195;0.282864;0.3747;0.225207;0.053922;0.36905;0.921392;0.123405
0.213214;0.268146;0.366983;0.952546;0.469522;0.532909;0.415647;0.202534;0.404221;0.024797;0.74576;0.765133;0.214059;0.234848;0.642962;0.970989;0.444385;0.066165;0.034171;0.542172;0.039873;0.584641;0.227807;0.903951;0.834481;0.329252;0.823377;0.308771;0.900661;0.27407;0.699555;0.259372;0.623625;0.191104;0.003384;0.707287;0.299385;0.865323;0.678833;0.603546;0.261142;0.953077;0.227372;0.316574;0.55256;0.77759;0.938634;0.610455;0.97068;0.176143;0.557337;0.494018;0.477123;0.431563;0.583267;0.393926;0.01609;0.435192;0.682667;0.841466;0.667494;0.903288;0.098759;0.660386;0.272553;0.582504;0.124796;0.282702;0.797159;0.53887;0.189383;0.383145;0.076537;0.774239;0.48793;0.202484;0.775169;0.060276;0.821278;0.42999;0.556549;0.635018;0.056263;0.032522;0.344873;0.046018;0.364383;0.94835;0.784347;0.352744;0.774768;0.001412;0.366214;0.998686;0.098557;0.716971;0.132208;0.327398;0.64733;0.089786
0.132999;0.188295;0.785853;0.853806;0.43106;0.163819;0.002624;0.726484;0.230305;0.523454;0.170338;0.944225;0.866833;0.053344;0.238941;0.232599;0.644468;0.225673;0.037151;0.726843;0.004438;0.029216;0.101295;0.592232;0.60236;0.305869;0.481109;0.69523;0.366962;0.690016;0.999381;0.269158;0.482945;0.683202;0.99432;0.746544;0.171285;0.74641;0.836854;0.994772;0.967265;0.378522;0.421279;0.881558;0.607692;0.279714;0.77929;0.045047;0.592934;0.913425;0.182815;0.678546;0.87218;0.749976;0.000454;0.012934;0.471874;0.89901;0.120948;0.187386;0.433433;0.524024;0.717194;0.814276;0.651001;0.748814;0.563876;0.744738;0.288975;0.941348;0.987964;0.014513;0.22543;0.115893;0.0935;0.35133;0.146921;0.111284;0.919783;0.652536;0.337226;0.163824;0.661724;0.719596;0.787278;0.371629;0.048409;0.204859;0.90942;0.981321;0.202256;0.881603;0.780228;0.503157;0.599409;0.034272;0.070109;0.730922;0.973816;0.755629
0.974237;0.26116;0.398687;0.546935;0.883762;0.21762;0.637696;0.935877;0.63135;0.146475;0.125932;0.749585;0.564023;0.070574;0.703009;0.712195;0.945842;0.872252;0.810281;0.657916;0.07999;0.001754;0.58832;0.13771;0.845869;0.552884;0.704135;0.976699;0.307037;0.526249;0.708612;0.957622;0.074935;0.845051;0.963245;0.537037;0.135844;0.467512;0.825406;0.523405;0.658518;0.887283;0.466751;0.513408;0.989393;0.184743;0.936254;0.87492;0.381538;0.672662;0.915184;0.457529;0.78727;0.523029;0.607109;0.675249;0.740906;0.8538;0.666557;0.81723;0.750702;0.795015;0.924197;0.236801;0.652212;0.793333;0.447681;0.194948;0.135092;0.424243;0.775848;0.814123;0.205312;0.527368;0.442978;0.845546;0.745613;0.888275;0.252866;0.293832;0.359822;0.561179;0.493219;0.424538;0.398463;0.4984;0.417113;0.21358;0.132591;0.152096;0.232054;0.667622;0.182237;0.60782;0.297336;0.004142;0.257357;0.730459;0.985527;0.139076
0.434939;0.657233;0.928926;0.864345;0.551681;0.969358;0.411117;0.587172;0.211594;0.917683;0.878763;0.008564;0.079054;0.749946;0.546651;0.078821;0.239788;0.002881;0.705;0.292832;0.681681;0.345073;0.215883;0.978873;0.248914;0.645562;0.721847;0.476038;0.233095;0.213942;0.568513;0.129423;0.192606;0.456725;0.414809;0.988748;0.016775;0.901412;0.392158;0.878002;0.019046;0.601995;0.789108;0.97099;0.232361;0.688384;0.223136;0.488081;0.371089;0.215607;0.57971;0.645419;0.564535;0.554178;0.901778;0.283048;0.877592;0.743769;0.288184;0.440574;0.815798;0.195464;0.318584;0.35446;0.896536;0.40602;0.234762;0.018139;0.708487;0.911682;0.582271;0.925336;0.887936;0.143369;0.156526;0.986668;0.519955;0.212211;0.644813;0.152649;0.134097;0.358905;0.98431;0.377547;0.719316;0.327745;0.427436;0.003735;0.845284;0.221849;0.615241;0.397505;0.725601;0.1804;0.532145;0.032279;0.798145;0.06515;0.878783;0.46397
0.866817;0.413239;0.24659;0.261213;0.320155;0.889218;0.973195;0.642042;0.495664;0.158159;0.144809;0.970598;0.472189;0.819392;0.956833;0.972248;0.907587;0.252268;0.507544;0.703928;0.654423;0.054578;0.947904;0.459354;0.451976;0.956739;0.710842;0.959568;0.919929;0.240924;0.350681;0.390559;0.996803;0.153468;0.222135;0.391883;0.037316;0.948634;0.834167;0.980708;0.35939;0.344455;0.240938;0.831737;0.933585;0.694863;0.285039;0.557598;0.096468;0.094362;0.974497;0.506172;0.737172;0.930249;0.822288;0.321488;0.300867;0.530567;0.371381;0.011969;0.777617;0.53986;0.272984;0.02048;0.652177;0.205974;0.407969;0.214845;0.377636;0.741461;0.419965;0.544851;0.58513;0.559861;0.471032;0.054389;0.903243;0.82288;0.684232;0.14486;0.170235;0.282319;0.087335;0.002793;0.465732;0.049361;0.74874;0.232626;0.552953;0.142517;0.672724;0.600656;0.051714;0.991435;0.147797;0.406665;0.843212;0.316525;0.217937;0.378001
0.1725;0.23391;0.229279;0.08669;0.638395;0.774857;0.296673;0.030576;0.19929;0.841672;0.47171;0.283994;0.120549;0.603948;0.916877;0.060989;0.151898;0.076328;0.489453;0.53827;0.562655;0.593581;0.652328;0.090299;0.29076;0.94661;0.885528;0.959941;0.147191;0.213014;0.088002;0.311622;0.712079;0.175172;0.155136;0.19649;0.104998;0.13402;0.972523;0.856903;0.865086;0.863167;0.87442;0.510653;0.707359;0.970317;0.434225;0.558069;0.128899;0.372628;0.709011;0.652782;0.342051;0.619141;0.440382;0.933971;0.24206;0.292438;0.501459;0.537122;0.863173;0.046222;0.498566;0.118672;0.366162;0.068902;0.564778;0.396877;0.021082;0.544181;0.709697;0.655819;0.850364;0.561562;0.978438;0.391493;0.649151;0.931591;0.165241;0.682725;0.535415;0.523665;0.99445;0.035443;0.322569;0.184462;0.466399;0.95563;0.523398;0.319969;0.344924;0.030267;0.094519;0.65775;0.589574;0.468767;0.84852;0.518245;0.236004;0.566615
0.359878;0.735908;0.23519;0.918799;0.076406;0.337598;0.201388;0.731576;0.7444;0.411318;0.342562;0.077434;0.684631;0.875083;0.964197;0.127526;0.77319;0.392072;0.763512;0.147342;0.526943;0.894022;0.127625;0.515931;0.644889;0.906606;0.399649;0.515586;0.356544;0.747879;0.179188;0.655295;0.081816;0.630672;0.19466;0.886035;0.994278;0.625235;0.054062;0.801804;0.993984;0.668919;0.455127;0.538039;0.923473;0.246291;0.349463;0.541929;0.919789;0.273981;0.622481;0.615519;0.684753;0.974972;0.617339;0.026904;0.914284;0.280847;0.014835;0.442964;0.132235;0.426428;0.98782;0.666122;0.68851;0.414823;0.41131;0.435216;0.662997;0.44189;0.132815;0.469271;0.492031;0.455398;0.667438;0.864494;0.257076;0.588681;0.260283;0.882964;0.747018;0.236571;0.99937;0.76998;0.295929;0.406127;0.45443;0.525083;0.207844;0.200861;0.098679;0.880469;0.560628;0.118512;0.623797;0.378937;0.633201;0.476693;0.875431;0.409933
0.112286;0.095082;0.607635;0.219376;0.201601;0.991795;0.912042;0.005786;0.257472;0.836039;0.307638;0.098895;0.985232;0.927776;0.851796;0.258735;0.457385;0.209431;0.079482;0.975575;0.063686;0.522372;0.608896;0.197081;0.170479;0.379151;0.831443;0.689172;0.470962;0.431654;0.148983;0.681144;0.676816;0.185829;0.483325;0.678595;0.698894;0.551895;0.33711;0.562566;0.400653;0.948228;0.517574;0.434673;0.400933;0.50841;0.902425;0.349417;0.139396;0.031438;0.391387;0.687534;0.189016;0.789559;0.566166;0.127321;0.754134;0.316183;0.817151;0.243633;0.542752;0.893572;0.599001;0.833237;0.814846;0.604043;0.104893;0.691431;0.182321;0.711326;0.754155;0.662307;0.7552;0.080896;0.752591;0.078336;0.975257;0.672766;0.619735;0.173379;0.877047;0.865184;0.736747;0.702565;0.136373;0.552431;0.316226;0.944656;0.119519;0.479186;0.715735;0.379607;0.54285;0.931151;0.171939;0.319569;0.377905;0.305623;0.069633;0.054261
0.69596;0.279717;0.78643;0.926551;0.097736;0.553696;0.939542;0.973689;0.4066;0.23896;0.26271;0.342806;0.081184;0.075889;0.637861;0.152454;0.083048;0.992462;0.46514;0.647404;0.451473;0.927819;0.107367;0.071855;0.424187;0.758412;0.182808;0.202908;0.845257;0.587083;0.428112;0.041114;0.464283;0.10264;0.963085;0.776415;0.099978;0.42209;0.471192;0.919886;0.960627;0.96345;0.169681;0.519658;0.061714;0.368998;0.024381;0.326722;0.275425;0.705121;0.721047;0.180942;0.527608;0.702998;0.729346;0.834381;0.839;0.886476;0.285244;0.369968;0.837425;0.267213;0.967927;0.545068;0.678119;0.828772;0.603491;0.477671;0.776369;0.601825;0.432513;0.797959;0.742228;0.481144;0.968274;0.257893;0.261575;0.474524;0.680344;0.619681;0.898221;0.004777;0.759923;0.067241;0.803454;0.046108;0.916594;0.146191;0.31818;0.273894;0.423441;0.498812;0.956811;0.795801;0.663779;0.192335;0.293143;0.528447;0.422803;0.099976
0.75399;0.081827;0.821852;0.70812;0.901622;0.413487;0.178042;0.273178;0.58175;0.449933;0.955159;0.358926;0.396664;0.700518;0.791079;0.977538;0.762146;0.80509;0.040882;0.499276;0.348837;0.862185;0.902931;0.049887;0.531363;0.042893;0.346502;0.121758;0.651526;0.928379;0.976022;0.601609;0.037323;0.196047;0.36798;0.600596;0.06614;0.738502;0.341031;0.257828;0.828132;0.591992;0.014847;0.653024;0.315231;0.649551;0.217699;0.429797;0.850379;0.148956;0.800064;0.44695;0.712384;0.15574;0.516306;0.730046;0.081999;0.584757;0.378342;0.702728;0.011954;0.353581;0.339906;0.510736;0.354528;0.09783;0.452215;0.982533;0.41976;0.297844;0.083262;0.027187;0.391713;0.46355;0.536814;0.440582;0.63894;0.698084;0.098205;0.345439;0.577123;0.629497;0.906201;0.288422;0.423593;0.742399;0.140714;0.40113;0.373403;0.034281;0.21888;0.569732;0.970503;0.673852;0.963877;0.647531;0.810154;0.126044;0.3968;0.745395
0.147458;0.174451;0.47409;0.179412;0.123986;0.805361;0.620092;0.24319;0.747347;0.369793;0.213634;0.433402;0.634363;0.489957;0.373201;0.93449;0.128976;0.685567;0.666131;0.649087;0.138817;0.549304;0.142656;0.635824;0.717316;0.792774;0.036152;0.27779;0.289592;0.421022;0.942095;0.088075;0.014817;0.358525;0.104804;0.35872;0.01501;0.158911;0.841481;0.21378;0.64555;0.73228;0.359136;0.013871;0.510748;0.31127;0.588674;0.999702;0.442157;0.756726;0.573625;0.491266;0.81027;0.022207;0.647626;0.541835;0.993214;0.372626;0.055446;0.918483;0.924173;0.651941;0.024611;0.130506;0.064365;0.277378;0.880975;0.509768;0.693975;0.562312;0.905578;0.73398;0.389195;0.154015;0.310404;0.329291;0.944649;0.504434;0.637296;0.26137;0.164887;0.533221;0.470302;0.321015;0.860728;0.648667;0.415478;0.464956;0.019921;0.585748;0.848211;0.893585;0.881806;0.073584;0.622166;0.002017;0.794349;0.009108;0.342933;0.734846
0.437336;0.276049;0.039233;0.907239;0.943784;0.668165;0.719687;0.855082;0.930519;0.552013;0.05248;0.913024;0.19992;0.743724;0.515227;0.749144;0.228468;0.429796;0.331924;0.911062;0.11605;0.605645;0.386195;0.16927;0.928169;0.575371;0.572389;0.171241;0.762805;0.798471;0.117223;0.704168;0.756462;0.340357;0.406307;0.209267;0.316574;0.467137;0.076328;0.38276;0.662708;0.400313;0.170181;0.087129;0.586931;0.779121;0.342502;0.608903;0.503031;0.908513;0.72461;0.501955;0.113523;0.631617;0.64905;0.742704;0.884178;0.22501;0.379886;0.003669;0.055261;0.775924;0.255433;0.441806;0.259114;0.792079;0.81717;0.751983;0.482194;0.456183;0.090231;0.063939;0.778448;0.818704;0.059358;0.477852;0.944916;0.998023;0.671466;0.982372;0.144043;0.747389;0.676217;0.411453;0.675444;0.408774;0.684887;0.445799;0.765974;0.21998;0.284538;0.487558;0.528452;0.277016;0.374551;0.399533;0.825038;0.18826;0.298182;0.435144
0.012861;0.575702;0.941175;0.969097;0.690454;0.489457;0.691501;0.880763;0.099765;0.224559;0.100502;0.710511;0.738966;0.383581;0.264452;0.982063;0.101007;0.852841;0.430255;0.58844;0.529689;0.05332;0.608721;0.926215;0.690201;0.401115;0.396525;0.595687;0.421057;0.481768;0.546496;0.549636;0.611919;0.375325;0.706603;0.350706;0.652305;0.99032;0.3845;0.099293;0.56492;0.757441;0.614614;0.879938;0.856099;0.320366;0.374626;0.927475;0.76656;0.336622;0.413225;0.050837;0.078808;0.466626;0.423686;0.848809;0.243437;0.607116;0.077593;0.94459;0.531042;0.7093;0.56534;0.013126;0.052921;0.61906;0.346372;0.719388;0.857265;0.167015;0.347578;0.538131;0.028463;0.428202;0.932101;0.720398;0.347335;0.767648;0.148755;0.88417;0.286238;0.739581;0.932487;0.208521;0.401832;0.862509;0.420026;0.629303;0.846085;0.995785;0.349191;0.19479;0.797366;0.786455;0.795992;0.43494;0.328448;0.217218;0.21756;0.04176
0.248308;0.82342;0.583314;0.86559;0.465494;0.667506;0.199933;0.722928;0.334233;0.565557;0.126615;0.292825;0.328666;0.493464;0.688175;0.363911;0.419235;0.140006;0.870216;0.102435;0.920357;0.571552;0.410201;0.219131;0.73605;0.510469;0.160784;0.999772;0.804437;0.788707;0.859454;0.227647;0.355674;0.095779;0.797255;0.330226;0.309503;0.655889;0.187582;0.389089;0.534326;0.864635;0.492162;0.280943;0.106673;0.345462;0.956648;0.633217;0.207211;0.750447;0.065925;0.492163;0.653873;0.203804;0.703151;0.337863;0.734208;0.625637;0.294412;0.162951;0.983507;0.175538;0.869113;0.760078;0.394976;0.492057;0.381906;0.727655;0.599428;0.703983;0.408573;0.701326;0.273485;0.054759;0.070472;0.175069;0.903139;0.783061;0.652942;0.687019;0.857085;0.630547;0.456795;0.847004;0.825433;0.186096;0.289309;0.860043;0.652545;0.936341;0.485071;0.92898;0.419988;0.422275;0.483075;0.697768;0.42085;0.66375;0.823853;0.254207
0.805061;0.798558;0.708517;0.216676;0.814801;0.251253;0.540453;0.814433;0.33595;0.095272;0.562505;0.28827;0.809095;0.012022;0.666755;0.716963;0.30516;0.704131;0.244841;0.978169;0.341593;0.747516;0.011511;0.911956;0.851101;0.33868;0.295626;0.538146;0.244311;0.181734;0.811653;0.078957;0.622027;0.386864;0.210149;0.511157;0.281172;0.874371;0.269134;0.168177;0.780305;0.057287;0.722546;0.739597;0.720967;0.468466;0.259695;0.590053;0.074139;0.560721;0.787174;0.962742;0.567028;0.162095;0.340258;0.484537;0.330101;0.147383;0.050292;0.056771;0.969238;0.85811;0.543711;0.213455;0.559383;0.22782;0.104647;0.829371;0.991649;0.338489;0.886736;0.947432;0.680913;0.408626;0.573011;0.003826;0.860942;0.959504;0.581833;0.176909;0.631315;0.443304;0.689976;0.521369;0.003091;0.966143;0.100282;0.021426;0.678811;0.773043;0.752588;0.253486;0.683555;0.803576;0.387011;0.051815;0.575374;0.926202;0.928862;0.117304
0.412242;0.390248;0.793249;0.835177;0.508111;0.320552;0.518235;0.538035;0.544624;0.088333;0.390708;0.84935;0.383299;0.72439;0.724133;0.605402;0.079594;0.411782;0.499475;0.667455;0.134002;0.898446;0.866026;0.265814;0.039683;0.807234;0.892554;0.386871;0.507052;0.159435;0.128712;0.991518;0.832349;0.927541;0.558385;0.850016;0.831596;0.251963;0.20626;0.701471;0.816813;0.90327;0.308832;0.32428;0.147223;0.860724;0.977966;0.029507;0.959663;0.121358;0.230182;0.318609;0.333521;0.697724;0.550199;0.720259;0.217125;0.491834;0.495639;0.511716;0.808675;0.924726;0.440284;0.43224;0.207344;0.597293;0.777122;0.73026;0.994917;0.9187;0.654977;0.156942;0.267374;0.601292;0.03557;0.949889;0.831286;0.28986;0.294213;0.227182;0.913847;0.877908;0.797414;0.130555;0.878856;0.020199;0.646107;0.559517;0.239792;0.089422;0.84034;0.847654;0.206692;0.315746;0.162503;0.118422;0.58024;0.680183;0.184924;0.009458
0.216987;0.872043;0.103006;0.121953;0.626122;0.212864;0.133092;0.888925;0.358045;0.660439;0.187302;0.0603;0.781452;0.5046;0.770552;0.688228;0.916944;0.932937;0.845239;0.507504;0.016843;0.467922;0.596771;0.190716;0.697546;0.023541;0.87399;0.052641;0.127783;0.680962;0.981115;0.063713;0.082162;0.387726;0.131704;0.235722;0.932996;0.653088;0.032626;0.27628;0.155147;0.725453;0.870105;0.24242;0.650682;0.337841;0.974202;0.228768;0.939163;0.466766;0.368512;0.07042;0.49455;0.107815;0.960968;0.888718;0.893431;0.771015;0.947442;0.124757;0.272018;0.931528;0.262295;0.467277;0.520849;0.835542;0.236673;0.817098;0.93502;0.286611;0.117571;0.610244;0.103558;0.175907;0.953114;0.585008;0.057321;0.374589;0.142473;0.183727;0.189889;0.978025;0.900454;0.810383;0.046088;0.423144;0.936104;0.651609;0.960078;0.287929;0.69306;0.1404;0.121377;0.431904;0.620237;0.651505;0.874876;0.4956;0.705552;0.405311
0.67232;0.065281;0.567201;0.074941;0.349225;0.602544;0.999277;0.117734;0.640974;0.276694;0.731642;0.486584;0.698449;0.563261;0.137336;0.024115;0.891149;0.483764;0.414229;0.979042;0.328183;0.371077;0.4086;0.798032;0.846043;0.430257;0.065586;0.328534;0.129698;0.491393;0.485982;0.919868;0.314148;0.631001;0.481178;0.125259;0.437268;0.311254;0.701308;0.919682;0.898328;0.13929;0.856458;0.143137;0.031833;0.770789;0.768577;0.213283;0.675978;0.123916;0.025844;0.628886;0.317377;0.607405;0.954548;0.158712;0.767548;0.119378;0.796104;0.811973;0.299863;0.350543;0.772885;0.349861;0.230299;0.12985;0.772813;0.139036;0.14517;0.630306;0.606271;0.711486;0.581603;0.250334;0.741734;0.43331;0.756761;0.761187;0.697873;0.448733;0.252637;0.233323;0.460724;0.441244;0.294346;0.594157;0.926161;0.782237;0.811932;0.191654;0.589632;0.058896;0.588748;0.72291;0.5724;0.392035;0.851965;0.285743;0.342772;0.037725
0.061546;0.374199;0.867425;0.602812;0.168579;0.563051;0.557049;0.788414;0.923464;0.105878;0.013061;0.140824;0.625667;0.188679;0.401748;0.570247;0.737888;0.812936;0.658659;0.854656;0.081836;0.378202;0.328834;0.632634;0.753379;0.027814;0.296698;0.779332;0.563239;0.428507;0.646611;0.635789;0.248888;0.652592;0.114104;0.321243;0.936734;0.804382;0.242167;0.923338;0.798934;0.207777;0.0453;0.733249;0.64189;0.270372;0.759923;0.891435;0.58762;0.302337;0.956318;0.578979;0.724849;0.339573;0.536609;0.897399;0.336668;0.135656;0.326822;0.620926;0.87282;0.934666;0.917265;0.307147;0.813061;0.734077;0.091849;0.437068;0.216568;0.705247;0.340617;0.958419;0.234897;0.998283;0.673567;0.906529;0.136707;0.315319;0.969913;0.684323;0.961363;0.038756;0.18571;0.669696;0.715246;0.056396;0.236232;0.536131;0.7188;0.367397;0.080489;0.233781;0.401221;0.015823;0.538591;0.429511;0.270851;0.018043;0.961766;0.415472
0.167345;0.647046;0.372683;0.492572;0.236802;0.447861;0.333092;0.81251;0.85816;0.96245;0.056665;0.586642;0.667471;0.577732;0.369328;0.102207;0.246734;0.269647;0.943397;0.144916;0.402142;0.149346;0.597073;0.153222;0.306182;0.805637;0.561709;0.94152;0.744873;0.28935;0.837183;0.531091;0.968509;0.903548;0.000507;0.499598;0.15576;0.475774;0.028981;0.665518;0.913331;0.983984;0.264607;0.417803;0.967614;0.301565;0.301076;0.363511;0.445823;0.57368;0.760362;0.469188;0.76404;0.849227;0.312234;0.272754;0.754245;0.922219;0.267229;0.059766;0.984359;0.789685;0.719684;0.99326;0.793512;0.144234;0.835095;0.020834;0.614254;0.198739;0.244431;0.881457;0.928905;0.187881;0.18675;0.769683;0.862965;0.460695;0.352692;0.736528;0.825134;0.684063;0.180056;0.081835;0.410108;0.447528;0.866986;0.719842;0.093066;0.782966;0.945036;0.19449;0.293854;0.602114;0.882132;0.035239;0.058297;0.781061;0.932805;0.203597
0.521722;0.789456;0.351958;0.478602;0.402965;0.892857;0.821737;0.870089;0.4751;0.843922;0.150265;0.15032;0.067266;0.551863;0.360327;0.038641;0.564803;0.310712;0.188208;0.644549;0.875677;0.797518;0.663033;0.541718;0.144863;0.086845;0.87582;0.463694;0.758518;0.036271;0.462903;0.804722;0.621207;0.711455;0.667361;0.148478;0.799702;0.920858;0.46526;0.540423;0.827563;0.105261;0.579647;0.681534;0.783017;0.590513;0.88947;0.667381;0.869913;0.142818;0.148468;0.467251;0.276666;0.52047;0.312511;0.452344;0.224929;0.242253;0.131371;0.105733;0.745211;0.789951;0.262213;0.770331;0.206333;0.693042;0.808536;0.048036;0.946482;0.139467;0.171181;0.569338;0.232501;0.262666;0.103323;0.545519;0.389519;0.00833;0.340345;0.984884;0.123639;0.819997;0.401014;0.438948;0.76038;0.65528;0.31646;0.635429;0.268639;0.775494;0.986535;0.378647;0.455182;0.094209;0.731632;0.082345;0.161849;0.849083;0.511089;0.064014
0.21709;0.863751;0.322044;0.609684;0.484685;0.544831;0.029273;0.662946;0.210622;0.540062;0.608449;0.649179;0.361845;0.541857;0.118995;0.702579;0.930561;0.352361;0.766732;0.59188;0.28791;0.585655;0.205102;0.998213;0.799665;0.101322;0.045993;0.269248;0.56467;0.301857;0.144555;0.464702;0.904304;0.612006;0.600486;0.387648;0.816986;0.475388;0.470669;0.395464;0.594171;0.909829;0.272175;0.172495;0.325095;0.139361;0.553827;0.805244;0.184924;0.17639;0.098794;0.20474;0.73156;0.493889;0.770031;0.803932;0.540501;0.811432;0.64152;0.444184;0.557381;0.015727;0.92075;0.37287;0.913008;0.356548;0.933358;0.955301;0.704404;0.748985;0.519282;0.353454;0.174853;0.701707;0.887987;0.329769;0.258589;0.678513;0.097839;0.921513;0.584492;0.85131;0.500339;0.654354;0.190208;0.409431;0.21221;0.188993;0.677385;0.152645;0.125355;0.320452;0.333538;0.105499;0.783677;0.322333;0.0175;0.011985;0.823769;0.621583
0.365778;0.312291;0.032209;0.698391;0.94809;0.202407;0.632335;0.237643;0.487483;0.8919;0.384956;0.728668;0.008758;0.714806;0.652204;0.021635;0.221981;0.84045;0.089389;0.831335;0.245404;0.397971;0.583295;0.94065;0.598937;0.474283;0.992734;0.209374;0.630358;0.991837;0.81344;0.991962;0.006962;0.895551;0.465255;0.252282;0.155057;0.852295;0.61749;0.041695;0.911007;0.242991;0.419094;0.759761;0.517793;0.839016;0.412872;0.845474;0.215026;0.560823;0.604066;0.667018;0.942327;0.43141;0.067123;0.467903;0.818062;0.056261;0.091195;0.647398;0.809026;0.665968;0.576469;0.316277;0.502509;0.913427;0.239712;0.625271;0.435467;0.190396;0.841191;0.247228;0.366529;0.714928;0.904865;0.754334;0.130574;0.329246;0.485956;0.66784;0.16513;0.76417;0.457607;0.340716;0.455291;0.1412;0.266665;0.988415;0.867226;0.171755;0.62196;0.008244;0.886802;0.597592;0.826705;0.172573;0.082449;0.974604;0.296894;0.856162
0.809485;0.342658;0.383973;0.824569;0.762487;0.186839;0.43541;0.802561;0.976037;0.760001;0.32688;0.44162;0.764236;0.19502;0.175988;0.074964;0.472548;0.314272;0.055965;0.543033;0.382564;0.583704;0.425994;0.776096;0.415707;0.591426;0.672357;0.11699;0.162624;0.001756;0.653305;0.158364;0.802203;0.516311;0.562476;0.971774;0.414196;0.809812;0.846346;0.855137;0.725578;0.726934;0.623614;0.531236;0.504831;0.246873;0.894272;0.575149;0.893703;0.816227;0.248673;0.037124;0.600121;0.580439;0.169219;0.442266;0.639548;0.36317;0.12447;0.425878;0.167581;0.389086;0.917919;0.727863;0.421507;0.618128;0.851488;0.164685;0.04347;0.957356;0.769061;0.385574;0.941754;0.034145;0.603131;0.208063;0.67182;0.596954;0.763109;0.052507;0.079135;0.152503;0.51333;0.179623;0.965247;0.728198;0.281534;0.199982;0.194958;0.814963;0.753589;0.446558;0.428064;0.775941;0.661831;0.529947;0.1485;0.790024;0.244404;0.815451
0.549694;0.818949;0.289473;0.933945;0.831064;0.367401;0.205893;0.069713;0.109157;0.280577;0.688992;0.388188;0.084815;0.805863;0.804398;0.220121;0.338927;0.012248;0.714718;0.312295;0.136995;0.87056;0.381709;0.031406;0.758504;0.787299;0.891664;0.174447;0.185705;0.671627;0.869933;0.099016;0.042327;0.080829;0.860682;0.055514;0.416251;0.801951;0.695759;0.845296;0.156521;0.651796;0.674427;0.914326;0.615101;0.468686;0.231148;0.006673;0.758177;0.866974;0.924157;0.661915;0.72508;0.240208;0.856996;0.091123;0.825884;0.309598;0.88357;0.079419;0.314546;0.272037;0.063742;0.38899;0.584065;0.244412;0.690178;0.019932;0.521895;0.014387;0.378198;0.481075;0.443616;0.402051;0.753186;0.434228;0.201399;0.934869;0.462185;0.575995;0.879675;0.127867;0.578273;0.020966;0.008488;0.185364;0.709635;0.192281;0.171289;0.432869;0.377216;0.679046;0.467668;0.562936;0.771864;0.374935;0.097088;0.312329;0.887854;0.736543
0.319639;0.217189;0.302264;0.801424;0.858374;0.998053;0.218274;0.42088;0.57487;0.470301;0.584032;0.897288;0.92245;0.829925;0.834475;0.8013;0.122509;0.066124;0.467747;0.649873;0.166115;0.433137;0.258954;0.173195;0.657747;0.136682;0.911124;0.678194;0.388682;0.764252;0.010774;0.12685;0.825753;0.210863;0.188717;0.685304;0.488188;0.582533;0.391121;0.861413;0.838368;0.283638;0.184316;0.613513;0.622179;0.073403;0.277026;0.412566;0.009618;0.660381;0.64555;0.384902;0.499848;0.802625;0.698083;0.883633;0.111137;0.441207;0.26227;0.066743;0.415379;0.993482;0.705223;0.744375;0.972084;0.533389;0.86664;0.201498;0.813399;0.503351;0.949612;0.983505;0.642071;0.532705;0.488611;0.382563;0.338093;0.93856;0.34013;0.889666;0.101456;0.930632;0.147451;0.721381;0.901165;0.210729;0.218663;0.263011;0.532841;0.348427;0.752455;0.363133;0.345239;0.051586;0.285379;0.785382;0.233549;0.028829;0.807113;0.460374
0.656189;0.89936;0.680425;0.560383;0.001752;0.060733;0.209077;0.286044;0.340069;0.180889;0.124268;0.094834;0.007792;0.193414;0.358524;0.790756;0.570496;0.427053;0.493137;0.504459;0.991731;0.399124;0.164788;0.093286;0.009256;0.99952;0.107124;0.650411;0.24586;0.110974;0.798285;0.679791;0.815883;0.248014;0.212937;0.570473;0.82018;0.138132;0.818685;0.776032;0.636684;0.993094;0.425281;0.296829;0.72767;0.570327;0.075944;0.489196;0.361974;0.937838;0.257308;0.284505;0.336097;0.140678;0.808552;0.686337;0.897599;0.013681;0.067142;0.071331;0.347062;0.66578;0.188937;0.968234;0.86608;0.408286;0.578442;0.295406;0.551387;0.139053;0.732447;0.364417;0.09307;0.773926;0.729802;0.685839;0.176821;0.581955;0.447353;0.165519;0.004301;0.642103;0.293559;0.70046;0.633668;0.170959;0.891028;0.586312;0.729404;0.852569;0.923943;0.646047;0.005057;0.456005;0.307388;0.591398;0.132505;0.38566;0.265352;0.261489
0.089272;0.840531;0.143839;0.491888;0.455159;0.385233;0.925511;0.875942;0.99902;0.117454;0.506273;0.8496;0.832701;0.305544;0.97895;0.772317;0.459424;0.792908;0.985251;0.478317;0.859061;0.56857;0.010001;0.818771;0.938809;0.327609;0.895213;0.790808;0.805981;0.254381;0.665681;0.773398;0.491273;0.387828;0.68086;0.207357;0.337708;0.392801;0.150415;0.97123;0.85893;0.081338;0.571272;0.834205;0.584297;0.511316;0.989824;0.33094;0.613707;0.472164;0.269388;0.026893;0.83297;0.772621;0.00254;0.610735;0.721413;0.234381;0.24839;0.076614;0.484371;0.718201;0.428771;0.759201;0.175834;0.889355;0.958407;0.768729;0.493833;0.338166;0.134043;0.683027;0.279265;0.349861;0.09707;0.510407;0.334547;0.490865;0.40177;0.041534;0.881174;0.861776;0.386908;0.860474;0.303289;0.573846;0.458018;0.088687;0.402044;0.958762;0.109652;0.187565;0.779705;0.925262;0.22838;0.712816;0.070223;0.999243;0.720245;0.005606
0.024718;0.595129;0.774311;0.872206;0.085074;0.590122;0.962498;0.577396;0.567822;0.756177;0.705903;0.032685;0.519648;0.462503;0.103649;0.119498;0.372859;0.666842;0.871364;0.687783;0.356269;0.776214;0.575456;0.990405;0.940345;0.43828;0.162213;0.753845;0.213806;0.630745;0.46775;0.154609;0.334726;0.598085;0.943054;0.408654;0.141085;0.431008;0.551342;0.91861;0.171914;0.776123;0.39507;0.590087;0.944001;0.47455;0.019453;0.914214;0.932058;0.253579;0.650035;0.686892;0.23464;0.525674;0.612588;0.505919;0.159442;0.576578;0.763629;0.388247;0.633555;0.698993;0.76957;0.824752;0.595379;0.416813;0.961599;0.530656;0.545626;0.573152;0.380617;0.077085;0.88444;0.844647;0.656583;0.084408;0.373051;0.352324;0.709764;0.547993;0.527984;0.095921;0.81429;0.774111;0.104184;0.241362;0.22386;0.588698;0.056921;0.752382;0.848579;0.186245;0.698566;0.168249;0.452663;0.969266;0.798856;0.823352;0.835511;0.981145
0.14705;0.050224;0.915853;0.832818;0.321693;0.787191;0.632752;0.161525;0.362871;0.058532;0.956555;0.604087;0.052652;0.05036;0.76013;0.148882;0.474161;0.174736;0.431187;0.310819;0.086032;0.90138;0.276431;0.803406;0.778859;0.858471;0.122459;0.058555;0.44159;0.947945;0.498689;0.056033;0.348208;0.004828;0.979071;0.606766;0.576035;0.487025;0.079806;0.205314;0.86576;0.417954;0.839285;0.572831;0.090808;0.054542;0.45693;0.43047;0.218794;0.975702;0.038802;0.026588;0.479711;0.379963;0.876733;0.82807;0.231441;0.28885;0.814554;0.803677;0.608968;0.941956;0.57972;0.34977;0.620502;0.653787;0.967246;0.521056;0.545526;0.597243;0.830222;0.629478;0.84672;0.84782;0.806523;0.299636;0.799266;0.962762;0.559071;0.725361;0.971816;0.071995;0.77708;0.008276;0.718941;0.307357;0.392899;0.300693;0.106549;0.807037;0.310021;0.194185;0.388106;0.290418;0.679989;0.137901;0.252783;0.603583;0.23616;0.659067
0.178434;0.409525;0.784224;0.01132;0.911538;0.27329;0.47337;0.263336;0.359492;0.708359;0.250587;0.754446;0.282666;0.664239;0.930049;0.083412;0.850583;0.325306;0.215273;0.928418;0.315197;0.623422;0.353253;0.132474;0.258412;0.457464;0.948911;0.554149;0.182267;0.196241;0.524563;0.408946;0.139811;0.596236;0.884902;0.671521;0.010511;0.617134;0.464404;0.302959;0.391884;0.873736;0.464283;0.710001;0.551472;0.79422;0.295015;0.47923;0.624002;0.838393;0.849247;0.227156;0.068466;0.436994;0.195932;0.209496;0.576051;0.178895;0.118583;0.005352;0.526823;0.24507;0.817031;0.355068;0.790215;0.89038;0.01215;0.922702;0.072054;0.469406;0.954809;0.614026;0.768883;0.705999;0.803708;0.093609;0.480163;0.592299;0.378015;0.457068;0.484776;0.567952;0.728431;0.572238;0.662132;0.872996;0.897028;0.119962;0.898408;0.798974;0.221991;0.884335;0.09921;0.532744;0.276572;0.564976;0.892456;0.896852;0.997645;0.767856
0.431746;0.604871;0.076684;0.569613;0.830569;0.88457;0.131451;0.150619;0.080425;0.363172;0.260986;0.837491;0.435925;0.801776;0.707359;0.588182;0.022709;0.660816;0.827053;0.545119;0.860076;0.147287;0.705745;0.308876;0.380822;0.597639;0.261085;0.974091;0.74659;0.329583;0.464916;0.364822;0.539031;0.614592;0.691409;0.939026;0.782838;0.066327;0.809183;0.690915;0.110901;0.522976;0.216328;0.288299;0.231988;0.39546;0.234199;0.60384;0.820755;0.075051;0.122465;0.388718;0.949282;0.445659;0.590104;0.10215;0.129736;0.057042;0.158233;0.955113;0.829071;0.32657;0.085139;0.138509;0.988347;0.610355;0.355279;0.844554;0.317666;0.020574;0.702682;0.474471;0.574907;0.222966;0.81638;0.510505;0.74866;0.250519;0.674972;0.591594;0.608737;0.922508;0.063303;0.337945;0.458505;0.701965;0.439387;0.964849;0.682199;0.484939;0.499912;0.594328;0.640264;0.201751;0.473932;0.949007;0.90542;0.134538;0.550088;0.745504
0.188965;0.534035;0.56687;0.347311;0.190766;0.907479;0.938047;0.568068;0.462463;0.748785;0.586886;0.642623;0.726674;0.086794;0.769214;0.140683;0.546973;0.309456;0.192075;0.299104;0.766924;0.771665;0.069967;0.741454;0.956369;0.403704;0.66222;0.384323;0.217831;0.661586;0.88261;0.328018;0.398747;0.172186;0.762888;0.550078;0.722793;0.477563;0.147332;0.274299;0.24805;0.154875;0.908424;0.50744;0.770103;0.7682;0.909608;0.155524;0.916967;0.05739;0.802731;0.449616;0.894819;0.663971;0.616236;0.189341;0.968446;0.285891;0.373795;0.785684;0.578193;0.642345;0.242348;0.67482;0.741594;0.663247;0.302649;0.080806;0.254403;0.621088;0.481524;0.197662;0.722575;0.019127;0.607031;0.952984;0.339314;0.190376;0.214405;0.623025;0.537298;0.307304;0.320303;0.695323;0.458843;0.405579;0.511566;0.526044;0.310974;0.504726;0.949908;0.610498;0.551839;0.743561;0.193249;0.726396;0.016269;0.326648;0.284301;0.481724
0.595259;0.92749;0.712949;0.657502;0.866157;0.151201;0.291382;0.993259;0.376021;0.214074;0.257842;0.70935;0.116159;0.536535;0.275692;0.443119;0.522415;0.857056;0.878975;0.354481;0.178081;0.62445;0.796395;0.390409;0.723615;0.543171;0.295729;0.77706;0.627365;0.130332;0.244302;0.266764;0.300571;0.844996;0.213882;0.093329;0.81273;0.004613;0.302399;0.069439;0.582674;0.429246;0.333224;0.025996;0.903819;0.699825;0.425247;0.198741;0.321151;0.633005;0.896441;0.615351;0.522989;0.041827;0.825924;0.647133;0.772023;0.736479;0.047945;0.023879;0.232307;0.566967;0.783418;0.524965;0.597778;0.004958;0.397406;0.666851;0.668175;0.909563;0.907908;0.790194;0.220887;0.130668;0.514353;0.683826;0.240496;0.933322;0.423194;0.083284;0.925164;0.159829;0.723661;0.091814;0.800244;0.277862;0.628639;0.66693;0.086391;0.523007;0.75336;0.487331;0.259896;0.899759;0.918907;0.094647;0.300068;0.685538;0.760667;0.002118
0.369618;0.233107;0.887745;0.517194;0.029197;0.35726;0.117552;0.268521;0.016056;0.343696;0.999452;0.227963;0.739639;0.392364;0.48131;0.541269;0.03415;0.923566;0.428753;0.280404;0.879478;0.050468;0.770987;0.957508;0.377223;0.320673;0.237651;0.632534;0.949422;0.006657;0.124929;0.787046;0.775534;0.578541;0.415358;0.735728;0.959548;0.106752;0.221219;0.160163;0.324777;0.830888;0.445738;0.176814;0.428066;0.26687;0.578278;0.525417;0.647017;0.796148;0.322786;0.88092;0.478482;0.759964;0.751246;0.317446;0.104373;0.00146;0.734018;0.394397;0.076951;0.280038;0.00504;0.888447;0.480692;0.322104;0.382098;0.881326;0.354619;0.254399;0.324143;0.616285;0.011866;0.503257;0.393365;0.201423;0.959647;0.203241;0.180347;0.008592;0.448412;0.085141;0.822001;0.555047;0.501802;0.396938;0.001123;0.084168;0.696061;0.582875;0.178215;0.609379;0.134183;0.792139;0.296605;0.927238;0.548438;0.757124;0.483395;0.723632
0.272608;0.510865;0.000467;0.943856;0.890341;0.872861;0.171072;0.726963;0.870288;0.749637;0.152651;0.812536;0.524438;0.699507;0.723527;0.221863;0.220393;0.857203;0.562141;0.4497;0.169207;0.785391;0.297779;0.429326;0.294308;0.878144;0.485179;0.926281;0.337441;0.813896;0.174175;0.974795;0.916602;0.254594;0.432463;0.125448;0.549681;0.524128;0.278956;0.461641;0.448024;0.889649;0.116944;0.598308;0.573196;0.574304;0.150087;0.742947;0.444189;0.970177;0.278519;0.883312;0.551047;0.39132;0.211216;0.277234;0.732333;0.147107;0.748641;0.761463;0.998685;0.40848;0.034555;0.832942;0.99249;0.202841;0.639772;0.481633;0.200919;0.801024;0.874693;0.007948;0.693767;0.239584;0.553851;0.495304;0.206339;0.337886;0.735952;0.409198;0.606139;0.090994;0.134966;0.182669;0.323037;0.311393;0.398282;0.692926;0.452418;0.713881;0.070319;0.835492;0.94232;0.776102;0.941099;0.033868;0.215352;0.168338;0.348854;0.186309
0.148979;0.27052;0.874266;0.270396;0.07789;0.113404;0.652042;0.362539;0.683561;0.17899;0.643318;0.806712;0.816857;0.318279;0.070339;0.174421;0.212233;0.940533;0.246541;0.108259;0.256082;0.429891;0.676626;0.719046;0.182466;0.700102;0.807483;0.361687;0.796139;0.743913;0.997366;0.465887;0.451143;0.933392;0.021677;0.664296;0.545489;0.127126;0.361419;0.683273;0.93052;0.329893;0.398478;0.166849;0.985324;0.327869;0.834053;0.576684;0.813615;0.860216;0.382979;0.243368;0.418692;0.871122;0.121574;0.187565;0.706539;0.679543;0.803681;0.964957;0.725335;0.649319;0.259848;0.056945;0.044898;0.473513;0.241788;0.599195;0.699069;0.176769;0.178162;0.555058;0.889201;0.37057;0.989755;0.098861;0.006329;0.6197;0.132103;0.794785;0.719351;0.621062;0.870841;0.103803;0.106635;0.771436;0.468562;0.596876;0.388946;0.282583;0.528347;0.399245;0.968928;0.525435;0.770399;0.746488;0.073087;0.469427;0.121143;0.667098
